Workbook

Sheet Data Entry
B2: RANDY'S 2025 GRAIN TICKET ENTRY
J5: /
D6: Dates: | F6: 45978 | J6: /
D8: Farm | F8: Jones
D10: Net Weight | F10: 37560
D12: Moisture % | F12: 18
D14: Crop | F14: Organic Blue Corn
D16: Ticket Number | F16: 531-040638
D18: Notes | F18: HBT# 5314 Bob Trk# 3
D20: FM

Sheet Farms
A1: 11.5 | B1: Crop | C1: Farm | D1: Total | E1: unit | F1: Yield/AC | H1: Guarantee | I1: Coverage | J1: Claim threshhold | K1: Discount | L1: Test weight | O1: Drivers | P1: Trucks
A2: 212.6 | B2: Rye | C2: Airport | D2: =SUMIF(Data2!$B$3:$B1011,C2,Data2!$K$3:$K1011) -> 20647.5 | E2: BU | F2: =D2/A2 -> 97.119003 | G2: Conventional | I2: =sumif($C$68:$C$100,B2,$A$68:$A$100) -> 0 | J2: =H2*I2 -> 0 | K2: =sumif($C$68:$C$97,B2,$D$68:$D$97) -> 0 | L2: =sumif($C$68:$C$97,B2,$F$68:$F$97) -> 56 | O2: Randy H. | P2: 1
A3: 6.4 | B3: Rye | C3: Airport - Knilans | D3: =SUMIF(Data2!$B$3:$B1011,C3,Data2!$K$3:$K1011) -> 303.21429 | E3: BU | F3: =D3/A3 -> 47.377232 | G3: Conventional | I3: =sumif($C$68:$C$100,B3,$A$68:$A$100) -> 0 | J3: =H3*I3 -> 0 | K3: =sumif($C$68:$C$97,B3,$D$68:$D$97) -> 0 | L3: =sumif($C$68:$C$97,B3,$F$68:$F$97) -> 56
A4: 30.5 | B4: Organic Rye & VETCH | C4: Avalon Rd. | D4: =SUMIF(Data2!$B$3:$B1011,C4,Data2!$K$3:$K1011) -> 0 | E4: BU | F4: =D4/A4 -> 0 | G4: Organic | I4: =sumif($C$68:$C$100,B4,$A$68:$A$100) -> 0 | J4: =H4*I4 -> 0 | K4: =sumif($C$68:$C$97,B4,$D$68:$D$97) -> 0 | L4: =sumif($C$68:$C$97,B4,$F$68:$F$97) -> 0 | O4: Randy S. | P4: 2
A5: 28.1 | B5: Non-GMO Yellow Corn | C5: bakke | D5: =SUMIF(Data2!$B$3:$B1011,C5,Data2!$K$3:$K1011) -> 5923.7037 | E5: BU | F5: =D5/A5 -> 210.80796 | G5: Conventional | I5: =sumif($C$68:$C$100,B5,$A$68:$A$100) -> 0 | J5: =H5*I5 -> 0 | K5: =sumif($C$68:$C$97,B5,$D$68:$D$97) -> 1.5 | L5: 49 | O5: Tim | P5: 3
A6: 134.6 | B6: Hybrid Rye | C6: blue | D6: =SUMIF(Data2!$B$3:$B1011,C6,Data2!$K$3:$K1011) -> 14858.357 | E6: BU | F6: =D6/A6 -> 110.38898 | G6: Conventional | I6: =sumif($C$68:$C$100,B6,$A$68:$A$100) -> 0 | J6: =H6*I6 -> 0 | K6: 0 | L6: 51 | O6: Robert | P6: 4
A7: 5 | B7: Rye | C7: blue crop #2 | D7: =SUMIF(Data2!$B$3:$B1011,C7,Data2!$K$3:$K1011) -> 339 | E7: BU | F7: =D7/A7 -> 67.8 | G7: Conventional | I7: =sumif($C$68:$C$100,B7,$A$68:$A$100) -> 0 | J7: =H7*I7 -> 0 | K7: 0 | L7: 51
A8: 39 | B8: Lima Beans | C8: buchanon crop #1 | D8: =SUMIF(Data2!$B$3:$B1011,C8,Data2!$K$3:$K1011) -> 49.8125 | E8: Tons | F8: =D8/A8 -> 1.2772436 | G8: Conventional | I8: =sumif($C$68:$C$100,B8,$A$68:$A$100) -> 0 | J8: =H8*I8 -> 0 | K8: =sumif($C$68:$C$97,B8,$D$68:$D$97) -> 0 | L8: =sumif($C$68:$C$97,B8,$F$68:$F$97) -> 2000 | O8: Tristan | P8: 5
A9: 9.3 | B9: Enlist Soybeans | C9: buchanon crop #2 | D9: =SUMIF(Data2!$B$3:$B1011,C9,Data2!$K$3:$K1011) -> 538.91173 | E9: BU | F9: =D9/A9 -> 57.947498 | G9: Conventional | I9: =sumif($C$68:$C$100,B9,$A$68:$A$100) -> 0 | J9: =H9*I9 -> 0 | K9: 0 | L9: =sumif($C$68:$C$97,B9,$F$68:$F$97) -> 56
A10: 14 | B10: Organic Soybeans | C10: Caravilla | D10: =SUMIF(Data2!$B$3:$B1011,C10,Data2!$K$3:$K1011) -> 0 | E10: BU | F10: =D10/A10 -> 0 | G10: Organic | I10: =sumif($C$68:$C$100,B10,$A$68:$A$100) -> 0 | J10: =H10*I10 -> 0 | K10: 0 | L10: 0 | O10: Willie | P10: 63
A11: 150 | B11: 262 OR Seed beans | C11: carrol | D11: =SUMIF(Data2!$B$3:$B1011,C11,Data2!$K$3:$K1011) -> 9640.4155 | E11: BU | F11: =D11/A11 -> 64.269437 | G11: Conventional | I11: =sumif($C$68:$C$100,B11,$A$68:$A$100) -> 0 | J11: =H11*I11 -> 0 | K11: =sumif($C$68:$C$97,B11,$D$68:$D$97) -> 1.5 | L11: =sumif($C$68:$C$97,B11,$F$68:$F$97) -> 60 | O11: Julianne | P11: 41
A12: 148 | B12: Non-GMO Seed Grade Beans | C12: Cuff | D12: =SUMIF(Data2!$B$3:$B1011,C12,Data2!$K$3:$K1011) -> 10075.417 | E12: BU | F12: =D12/A12 -> 68.07714 | G12: Conventional | I12: =sumif($C$68:$C$100,B12,$A$68:$A$100) -> 0 | J12: =H12*I12 -> 0 | K12: =sumif($C$68:$C$97,B12,$D$68:$D$97) -> 1.5 | L12: =sumif($C$68:$C$97,B12,$F$68:$F$97) -> 60 | O12: Gary
A13: 12 | C13: Cullen | D13: =SUMIF(Data2!$B$3:$B1011,C13,Data2!$K$3:$K1011) -> 0 | E13: BU | F13: =D13/A13 -> 0 | G13: Organic | I13: =sumif($C$68:$C$100,B13,$A$68:$A$100) -> 0 | J13: =H13*I13 -> 0 | K13: =sumif($C$68:$C$97,B13,$D$68:$D$97) -> 0 | L13: =sumif($C$68:$C$97,B13,$F$68:$F$97) -> 0
A14: 11.9 | B14: Non-GMO Yellow Corn | C14: Daun | D14: =SUMIF(Data2!$B$3:$B1011,C14,Data2!$K$3:$K1011) -> 2004.1927 | E14: BU | F14: =D14/A14 -> 168.41955 | G14: Conventional | I14: =sumif($C$68:$C$100,B14,$A$68:$A$100) -> 0 | J14: =H14*I14 -> 0 | K14: 0 | L14: =sumif($C$68:$C$97,B14,$F$68:$F$97) -> 56
A15: 42 | B15: Non-GMO Yellow Corn | C15: delong avon | D15: =SUMIF(Data2!$B$3:$B1011,C15,Data2!$K$3:$K1011) -> 8574.1886 | E15: BU | F15: =D15/A15 -> 204.14735 | G15: Conventional | I15: =sumif($C$68:$C$100,B15,$A$68:$A$100) -> 0 | J15: =H15*I15 -> 0 | K15: =sumif($C$68:$C$97,B15,$D$68:$D$97) -> 1.5 | L15: =sumif($C$68:$C$97,B15,$F$68:$F$97) -> 56
A16: 60 | B16: Non-GMO Yellow Corn | C16: delong christopherson | D16: =SUMIF(Data2!$B$3:$B1011,C16,Data2!$K$3:$K1011) -> 14120.905 | E16: BU | F16: =D16/A16 -> 235.34842 | G16: Conventional | I16: =sumif($C$68:$C$100,B16,$A$68:$A$100) -> 0 | J16: =H16*I16 -> 0 | K16: =sumif($C$68:$C$97,B16,$D$68:$D$97) -> 1.5 | L16: =sumif($C$68:$C$97,B16,$F$68:$F$97) -> 56
A17: 56.9 | B17: Non-GMO Yellow Corn | C17: delong meyer | D17: =SUMIF(Data2!$B$3:$B1011,C17,Data2!$K$3:$K1011) -> 14510.575 | E17: BU | F17: =D17/A17 -> 255.0189 | G17: Conventional | I17: =sumif($C$68:$C$100,B17,$A$68:$A$100) -> 0 | J17: =H17*I17 -> 0 | K17: 1.5 | L17: =sumif($C$68:$C$97,B17,$F$68:$F$97) -> 56
A18: 69 | B18: Lima Beans | C18: elwoods | D18: =SUMIF(Data2!$B$3:$B1011,C18,Data2!$K$3:$K1011) -> 148.24 | E18: Tons | F18: =D18/A18 -> 2.1484058 | G18: Conventional | I18: =sumif($C$68:$C$100,B18,$A$68:$A$100) -> 0 | J18: =H18*I18 -> 0 | K18: =sumif($C$68:$C$97,B18,$D$68:$D$97) -> 0 | L18: =sumif($C$68:$C$97,B18,$F$68:$F$97) -> 2000
A19: 10.9 | B19: Enlist Soybeans | C19: fagan | D19: =SUMIF(Data2!$B$3:$B1011,C19,Data2!$K$3:$K1011) -> 800.97543 | E19: BU | F19: =D19/A19 -> 73.483984 | G19: Conventional | I19: =sumif($C$68:$C$100,B19,$A$68:$A$100) -> 0 | J19: =H19*I19 -> 0 | K19: =sumif($C$68:$C$97,B19,$D$68:$D$97) -> 1.4 | L19: =sumif($C$68:$C$97,B19,$F$68:$F$97) -> 56
A20: 116 | B20: Organic Soybeans | C20: Fletcher Cribben | D20: =SUMIF(Data2!$B$3:$B1011,C20,Data2!$K$3:$K1011) -> 0 | E20: BU | F20: =D20/A20 -> 0 | G20: Organic | I20: =sumif($C$68:$C$100,B20,$A$68:$A$100) -> 0 | J20: =H20*I20 -> 0 | K20: 1.01 | L20: =sumif($C$68:$C$97,B20,$F$68:$F$97) -> 60
A21: 9 | B21: Enlist Soybeans | C21: fox den | D21: =SUMIF(Data2!$B$3:$B1011,C21,Data2!$K$3:$K1011) -> 571.535 | E21: BU | F21: =D21/A21 -> 63.503889 | G21: Conventional | I21: =sumif($C$68:$C$100,B21,$A$68:$A$100) -> 0 | J21: =H21*I21 -> 0 | K21: =sumif($C$68:$C$97,B21,$D$68:$D$97) -> 1.4 | L21: =sumif($C$68:$C$97,B21,$F$68:$F$97) -> 56
A22: 40 | B22: Hybrid Rye | C22: fox kettle | D22: =SUMIF(Data2!$B$3:$B1011,C22,Data2!$K$3:$K1011) -> 4141.4732 | E22: BU | F22: =D22/A22 -> 103.53683 | G22: Conventional | I22: =sumif($C$68:$C$100,B22,$A$68:$A$100) -> 0 | J22: =H22*I22 -> 0 | K22: =sumif($C$68:$C$97,B22,$D$68:$D$97) -> 0 | L22: 60
A23: 8.8 | B23: Non-GMO Yellow Corn | C23: fox kettle little | D23: =SUMIF(Data2!$B$3:$B1011,C23,Data2!$K$3:$K1011) -> 1799.7942 | E23: BU | F23: =D23/A23 -> 204.52207 | G23: Conventional | I23: =sumif($C$68:$C$100,B23,$A$68:$A$100) -> 0 | J23: =H23*I23 -> 0 | K23: 0 | L23: 60
A24: 14 | B24: Enlist Soybeans | C24: fox lemans | D24: =SUMIF(Data2!$B$3:$B1011,C24,Data2!$K$3:$K1011) -> 1068.4131 | E24: BU | F24: =D24/A24 -> 76.315219 | G24: Conventional | I24: =sumif($C$68:$C$100,B24,$A$68:$A$100) -> 0 | J24: =H24*I24 -> 0 | K24: =sumif($C$68:$C$97,B24,$D$68:$D$97) -> 1.4 | L24: 11
A25: 196.3 | B25: Non-GMO Yellow Corn | C25: gessley | D25: =SUMIF(Data2!$B$3:$B1011,C25,Data2!$K$3:$K1011) -> 45374.837 | E25: BU | F25: =D25/A25 -> 231.15047 | G25: Conventional | I25: =sumif($C$68:$C$100,B25,$A$68:$A$100) -> 0 | J25: =H25*I25 -> 0 | K25: =sumif($C$68:$C$97,B25,$D$68:$D$97) -> 1.5 | L25: =sumif($C$68:$C$97,B25,$F$68:$F$97) -> 56
A26: 104 | B26: Organic Sweet Corn | C26: Goat Pasture | D26: =sumif(Data2!$B$3:$B1011,C26,Data2!$K$3:$K1011) -> 137.87 | E26: Tons | F26: =D26/A26 -> 1.3256731 | G26: Organic | I26: =sumif($C$68:$C$100,B26,$A$68:$A$100) -> 0 | J26: =H26*I26 -> 0 | K26: =sumif($C$68:$C$97,B26,$D$68:$D$97) -> 0 | L26: =sumif($C$68:$C$97,B26,$F$68:$F$97) -> 2000
A27: 362.1 | B27: Non-GMO Yellow Corn | C27: Gessert | D27: =SUMIF(Data2!$B$3:$B1011,C27,Data2!$K$3:$K1011) -> 81039.561 | E27: BU | F27: =D27/A27 -> 223.80437 | G27: Conventional | I27: =sumif($C$68:$C$100,B27,$A$68:$A$100) -> 0 | J27: =H27*I27 -> 0 | K27: =sumif($C$68:$C$97,B27,$D$68:$D$97) -> 1.5 | L27: =sumif($C$68:$C$97,B27,$F$68:$F$97) -> 56
A28: 73.7 | B28: Non-GMO Yellow Corn | C28: hoff | D28: =SUMIF(Data2!$B$3:$B1011,C28,Data2!$K$3:$K1011) -> 14534.192 | E28: BU | F28: =D28/A28 -> 197.20749 | G28: Conventional | I28: =sumif($C$68:$C$100,B28,$A$68:$A$100) -> 0 | J28: =H28*I28 -> 0 | K28: =sumif($C$68:$C$97,B28,$D$68:$D$97) -> 1.5 | L28: =sumif($C$68:$C$97,B28,$F$68:$F$97) -> 56
A29: 37.6 | B29: Non-GMO Yellow Corn | C29: home | D29: =SUMIF(Data2!$B$3:$B1011,C29,Data2!$K$3:$K1011) -> 9653.6101 | E29: BU | F29: =D29/A29 -> 256.74495 | G29: Conventional | I29: =sumif($C$68:$C$100,B29,$A$68:$A$100) -> 0 | J29: =H29*I29 -> 0 | K29: =sumif($C$68:$C$97,B29,$D$68:$D$97) -> 1.5 | L29: =sumif($C$68:$C$97,B29,$F$68:$F$97) -> 56
A30: 154.9 | B30: Non-GMO Yellow Corn | C30: inman | D30: =SUMIF(Data2!$B$3:$B1011,C30,Data2!$K$3:$K1011) -> 32410.974 | E30: BU | F30: =D30/A30 -> 209.23805 | G30: Conventional | I30: =sumif($C$68:$C$100,B30,$A$68:$A$100) -> 0 | J30: =H30*I30 -> 0 | K30: =sumif($C$68:$C$97,B30,$D$68:$D$97) -> 1.5 | L30: =sumif($C$68:$C$97,B30,$F$68:$F$97) -> 56
A31: 48.1 | B31: Non-GMO Yellow Corn | C31: Inman, Brads | D31: =SUMIF(Data2!$B$3:$B1011,C31,Data2!$K$3:$K1011) -> 7877.0134 | E31: BU | F31: =D31/A31 -> 163.76327 | G31: Conventional | I31: =sumif($C$68:$C$100,B31,$A$68:$A$100) -> 0 | J31: =H31*I31 -> 0 | K31: =sumif($C$68:$C$97,B31,$D$68:$D$97) -> 1.5 | L31: =sumif($C$68:$C$97,B31,$F$68:$F$97) -> 56
A32: 22.8 | B32: Enlist Soybeans | C32: jehovah crop | D32: =SUMIF(Data2!$B$3:$B1011,C32,Data2!$K$3:$K1011) -> 1628.0586 | E32: BU | F32: =D32/A32 -> 71.406078 | G32: Conventional | I32: =sumif($C$68:$C$100,B32,$A$68:$A$100) -> 0 | J32: =H32*I32 -> 0 | K32: =sumif($C$68:$C$97,B32,$D$68:$D$97) -> 1.4 | L32: =sumif($C$68:$C$97,B32,$F$68:$F$97) -> 56
A33: 92.25 | B33: Organic Blue Corn | C33: Jones | D33: =SUMIF(Data2!$B$3:$B1011,C33,Data2!$K$3:$K1011) -> 0 | E33: BU | F33: =D33/A33 -> 0 | G33: Organic | I33: =sumif($C$68:$C$100,B33,$A$68:$A$100) -> 0 | J33: =H33*I33 -> 0 | K33: =sumif($C$68:$C$97,B33,$D$68:$D$97) -> 1.5 | L33: =sumif($C$68:$C$97,B33,$F$68:$F$97) -> 56
A34: 91 | B34: Organic Peas | C34: Kopp East Crop #1 | D34: =SUMIF(Data2!$B$3:$B1011,C34,Data2!$K$3:$K1011) -> 4323.4844 | E34: BU | F34: =D34/A34 -> 47.510817 | G34: Organic | I34: =sumif($C$68:$C$100,B34,$A$68:$A$100) -> 0 | J34: =H34*I34 -> 0 | K34: 1.5 | L34: 56
A35: 124 | B35: Organic Peas | C35: Kopp West Crop #1 | D35: =SUMIF(Data2!$B$3:$B1011,C35,Data2!$K$3:$K1011) -> 13387.719 | E35: BU | F35: =D35/A35 -> 107.96547 | G35: Organic | I35: =sumif($C$68:$C$100,B35,$A$68:$A$100) -> 0 | J35: =H35*I35 -> 0 | K35: 1.5 | L35: 56
A36: 21 | B36: Organic Snap Beans | C36: Kopp East Crop #2-1 | D36: =SUMIF(Data2!$B$3:$B1011,C36,Data2!$K$3:$K1011) -> 4450.5781 | E36: BU | F36: =D36/A36 -> 211.93229 | G36: Organic | I36: =sumif($C$68:$C$100,B36,$A$68:$A$100) -> 0 | J36: =H36*I36 -> 0 | K36: 1.5 | L36: 56
A37: 63 | B37: Organic Snap Beans | C37: Kopp East Crop #2-2 | D37: =SUMIF(Data2!$B$3:$B1011,C37,Data2!$K$3:$K1011) -> 14279.672 | E37: BU | F37: =D37/A37 -> 226.66146 | G37: Organic
A38: 124 | B38: Organic Snap Beans | C38: Kopp West Crop #2 | D38: =SUMIF(Data2!$B$3:$B1011,C38,Data2!$K$3:$K1011) -> 27172.031 | E38: BU | F38: =D38/A38 -> 219.12928 | G38: Organic | I38: =sumif($C$68:$C$100,B38,$A$68:$A$100) -> 0 | J38: =H38*I38 -> 0 | K38: 1.5 | L38: 56
A39: 214 | B39: Non-GMO Yellow Corn | C39: Klug North | D39: =SUMIF(Data2!$B$3:$B1011,C39,Data2!$K$3:$K1011) -> 45867.709 | E39: BU | F39: =D39/A39 -> 214.33509 | G39: Conventional | I39: =sumif($C$68:$C$100,B39,$A$68:$A$100) -> 0 | J39: =H39*I39 -> 0 | K39: 1.5 | L39: 56
A40: 18.2 | B40: Non-GMO Yellow Corn | C40: lake | D40: =SUMIF(Data2!$B$3:$B1011,C40,Data2!$K$3:$K1011) -> 3769.9924 | E40: BU | F40: =D40/A40 -> 207.14244 | G40: Conventional | I40: =sumif($C$68:$C$100,B41,$A$68:$A$100) -> 0 | J40: =H40*I40 -> 0 | K40: 1.5 | L40: 56
A41: 56 | B41: DF EX25C2.5 Soybeans | C41: larson | D41: =SUMIF(Data2!$B$3:$B1011,C41,Data2!$K$3:$K1011) -> 2537.7049 | E41: BU | F41: =D41/A41 -> 45.316159 | G41: conventional | I41: =sumif($C$68:$C$100,D41,$A$68:$A$100) -> 0 | J41: =H41*I41 -> 0 | K41: =sumif($C$68:$C$97,D41,$D$68:$D$97) -> 0 | L41: =sumif($C$68:$C$97,D41,$F$68:$F$97) -> 0
A42: 131.2 | B42: Non-GMO Yellow Corn | C42: murray | D42: =SUMIF(Data2!$B$3:$B1011,C42,Data2!$K$3:$K1011) -> 28716.649 | E42: BU | F42: =D42/A42 -> 218.8769 | G42: conventional | I42: =sumif($C$68:$C$100,B42,$A$68:$A$100) -> 0 | J42: =H42*I42 -> 0 | K42: =sumif($C$68:$C$97,B42,$D$68:$D$97) -> 1.5 | L42: 56
A43: 8.4 | B43: Enlist Soybeans | C43: New Life | D43: =SUMIF(Data2!$B$3:$B1011,C43,Data2!$K$3:$K1011) -> 667.4266 | E43: BU | F43: =D43/A43 -> 79.455548 | G43: conventional | I43: =sumif($C$68:$C$100,B43,$A$68:$A$100) -> 0 | J43: =H43*I43 -> 0 | K43: =sumif($C$68:$C$97,B43,$D$68:$D$97) -> 1.4 | L43: =sumif($C$68:$C$97,B43,$F$68:$F$97) -> 56
A44: 33.9 | B44: 155 OR Seed beans | C44: Omni, OM1 | D44: =SUMIF(Data2!$B$3:$B1011,C44,Data2!$K$3:$K1011) -> 1917.3775 | E44: BU | F44: =D44/A44 -> 56.559808 | G44: organic | I44: =sumif($C$68:$C$100,B44,$A$68:$A$100) -> 0 | J44: =H44*I44 -> 0 | K44: =sumif($C$68:$C$97,B44,$D$68:$D$97) -> 1.5 | L44: =sumif($C$68:$C$97,B44,$F$68:$F$97) -> 60
A45: 48.3 | B45: 223 OR Seed Beans | C45: Omni, OM2 | D45: =SUMIF(Data2!$B$3:$B1011,C45,Data2!$K$3:$K1011) -> 5156.425 | E45: BU | F45: =D45/A45 -> 106.75828 | G45: organic | I45: =sumif($C$68:$C$100,B45,$A$68:$A$100) -> 0 | J45: =H45*I45 -> 0 | K45: =sumif($C$68:$C$97,B45,$D$68:$D$97) -> 1.5 | L45: =sumif($C$68:$C$97,B45,$F$68:$F$97) -> 60
A46: 34.68 | B46: 155 OR Seed beans | C46: Omni , Crop #1 | D46: =SUMIF(Data2!$B$3:$B1011,C46,Data2!$K$3:$K1011) -> 1879.5358 | E46: BU | F46: =D46/A46 -> 54.196535 | G46: organic | I46: =sumif($C$68:$C$100,B46,$A$68:$A$100) -> 0 | J46: =H46*I46 -> 0 | K46: =sumif($C$68:$C$97,B46,$D$68:$D$97) -> 1.5 | L46: =sumif($C$68:$C$97,B46,$F$68:$F$97) -> 60
A47: 117.55 | B47: 202 OR Seed Beans | C47: Omni , Crop #2 | D47: =SUMIF(Data2!$B$3:$B1011,C47,Data2!$K$3:$K1011) -> 2474.845 | E47: BU | F47: =D47/A47 -> 21.053552 | G47: organic | I47: =sumif($C$68:$C$100,B47,$A$68:$A$100) -> 0 | J47: =H47*I47 -> 0 | K47: =sumif($C$68:$C$97,B47,$D$68:$D$97) -> 1.5 | L47: =sumif($C$68:$C$97,B47,$F$68:$F$97) -> 60
A48: 135.2 | B48: Sweet Corn | C48: Philhower East | D48: =SUMIF(Data2!$B$3:$B1011,C48,Data2!$K$3:$K1011) -> 1092.8 | E48: Tons | F48: =D48/A48 -> 8.0828402 | G48: conventional | I48: =sumif($C$68:$C$100,B48,$A$68:$A$100) -> 0 | J48: =H48*I48 -> 0 | K48: 1.5 | L48: 60
A49: 157.9 | B49: Non-GMO Yellow Corn | C49: Philhower West | D49: =SUMIF(Data2!$B$3:$B1011,C49,Data2!$K$3:$K1011) -> 31305.531 | E49: BU | F49: =D49/A49 -> 198.26176 | G49: conventional | I49: =sumif($C$68:$C$100,B49,$A$68:$A$100) -> 0 | J49: =H49*I49 -> 0 | K49: 1.5 | L49: 60
A50: 98 | B50: Pioneer 21A20 Food beans | C50: Schultz | D50: =SUMIF(Data2!$B$3:$B1011,C50,Data2!$K$3:$K1011) -> 6683.7282 | E50: BU | F50: =D50/A50 -> 68.201308 | G50: conventional | I50: =sumif($C$68:$C$100,B50,$A$68:$A$100) -> 0 | J50: 0 | K50: 0 | L50: 60
A51: 28.6 | B51: Pioneer 21A20 Food beans | C51: schwellenbach | D51: =SUMIF(Data2!$B$3:$B1011,C51,Data2!$K$3:$K1011) -> 2831.6614 | E51: BU | F51: =D51/A51 -> 99.009141 | G51: conventional | I51: =sumif($C$68:$C$100,B51,$A$68:$A$100) -> 0 | J51: =H51*I51 -> 0 | K51: 1.5 | L51: =sumif($C$68:$C$97,B51,$F$68:$F$97) -> 60
A52: 209.4 | B52: Organic Wheat | C52: Simpsons | D52: =SUMIF(Data2!$B$3:$B1011,C52,Data2!$K$3:$K1011) -> 13825.172 | E52: Lbs | F52: =D52/A52 -> 66.022791 | G52: organic | I52: =sumif($C$68:$C$100,B52,$A$68:$A$100) -> 0 | J52: =H52*I52 -> 0 | K52: 1.5 | L52: 56
A53: 12.8 | B53: Non-GMO Yellow Corn | C53: suiter | D53: =SUMIF(Data2!$B$3:$B1011,C53,Data2!$K$3:$K1011) -> 1627.2387 | E53: BU | F53: =D53/A53 -> 127.12803 | G53: conventional | I53: =sumif($C$68:$C$100,B53,$A$68:$A$100) -> 0 | J53: =H53*I53 -> 0 | K53: =sumif($C$68:$C$97,B53,$D$68:$D$97) -> 1.5 | L53: 57.6
A54: 31.2 | B54: Pioneer 21A20 Food beans | C54: Noss, Jeff | D54: =SUMIF(Data2!$B$3:$B1011,C54,Data2!$K$3:$K1011) -> 0 | E54: BU | F54: =D54/A54 -> 0 | G54: conventional | I54: =sumif($C$68:$C$100,B54,$A$68:$A$100) -> 0 | J54: =H54*I54 -> 0 | K54: =sumif($C$68:$C$97,B54,$D$68:$D$97) -> 1.5 | L54: =sumif($C$68:$C$97,B54,$F$68:$F$97) -> 60
A55: 76.4 | B55: Non-GMO Yellow Corn | C55: Torkelson - East | D55: =SUMIF(Data2!$B$3:$B1011,C55,Data2!$K$3:$K1011) -> 15496.397 | E55: BU | F55: =D55/A55 -> 202.83243 | G55: conventional | I55: =sumif($C$68:$C$100,B55,$A$68:$A$100) -> 0 | J55: =H55*I55 -> 0 | K55: =sumif($C$68:$C$97,B55,$D$68:$D$97) -> 1.5 | L55: =sumif($C$68:$C$97,B55,$F$68:$F$97) -> 56
A56: 82.6 | B56: Non-GMO Yellow Corn | C56: Noss, Jessie | D56: =SUMIF(Data2!$B$3:$B1011,C56,Data2!$K$3:$K1011) -> 19199.684 | E56: BU | F56: =D56/A56 -> 232.44169 | G56: conventional | I56: =sumif($C$68:$C$100,B56,$A$68:$A$100) -> 0 | J56: =H56*I56 -> 0 | K56: =sumif($C$68:$C$97,B56,$D$68:$D$97) -> 1.5 | L56: =sumif($C$68:$C$97,B56,$F$68:$F$97) -> 56
A57: 98.7 | B57: Pioneer 21A20 Food beans | C57: Noss, Sid | D57: =SUMIF(Data2!$B$3:$B1011,C57,Data2!$K$3:$K1011) -> 5415.7536 | E57: BU | F57: =D57/A57 -> 54.870857 | G57: conventional | I57: =sumif($C$68:$C$100,B57,$A$68:$A$100) -> 0 | J57: =H57*I57 -> 0 | K57: =sumif($C$68:$C$97,B57,$D$68:$D$97) -> 1.5 | L57: =sumif($C$68:$C$97,B57,$F$68:$F$97) -> 60
A58: 145.6 | B58: Peas | C58: Townline North Crop 1 | D58: =SUMIF(Data2!$B$3:$B1011,C58,Data2!$K$3:$K1011) -> 0 | E58: Tons | F58: =D58/A58 -> 0 | G58: conventional | I58: =sumif($C$68:$C$100,B58,$A$68:$A$100) -> 0 | J58: =H58*I58 -> 0 | K58: =sumif($C$68:$C$97,B58,$D$68:$D$97) -> 0
A59: 121.6 | B59: Peas | C59: Townline South Crop 1 | D59: =SUMIF(Data2!$B$3:$B1011,C59,Data2!$K$3:$K1011) -> 0 | E59: Tons | F59: =D59/A59 -> 0 | G59: conventional | I59: =sumif($C$68:$C$100,B59,$A$68:$A$100) -> 0 | J59: =H59*I59 -> 0 | K59: =sumif($C$68:$C$97,B59,$D$68:$D$97) -> 0 | L59: =sumif($C$68:$C$97,B59,$F$68:$F$97) -> 2000
A60: 233 | B60: Snap Beans | C60: Townline N&S Crop 2 | D60: =SUMIF(Data2!$B$3:$B1011,C60,Data2!$K$3:$K1011) -> 846.4 | E60: Tons | F60: =D60/A60 -> 3.632618 | G60: conventional | I60: =sumif($C$68:$C$100,B60,$A$68:$A$100) -> 0 | J60: =H60*I60 -> 0 | K60: =sumif($C$68:$C$97,B60,$D$68:$D$97) -> 0 | L60: =sumif($C$68:$C$97,B60,$F$68:$F$97) -> 2000
A61: 40 | B61: Organic Soybeans | C61: Turkey Deer | D61: =SUMIF(Data2!$B$3:$B1011,C61,Data2!$K$3:$K1011) -> 0 | E61: BU | F61: =D61/A61 -> 0 | G61: organic | I61: =sumif($C$68:$C$100,B61,$A$68:$A$100) -> 0 | J61: =H61*I61 -> 0 | K61: =sumif($C$68:$C$97,B61,$D$68:$D$97) -> 1.5 | L61: =sumif($C$68:$C$97,B61,$F$68:$F$97) -> 60
A62: 30.3 | B62: Non-GMO Yellow Corn | C62: Twist | D62: =SUMIF(Data2!$B$3:$B1011,C62,Data2!$K$3:$K1011) -> 6234.543 | E62: BU | F62: =D62/A62 -> 205.7605 | G62: conventional | I62: =sumif($C$68:$C$100,B62,$A$68:$A$100) -> 0 | J62: =H62*I62 -> 0 | K62: =sumif($C$68:$C$97,B62,$D$68:$D$97) -> 1.5 | L62: =sumif($C$68:$C$97,B62,$F$68:$F$97) -> 56
A63: 98 | B63: Lima Beans | C63: Wes Crop 1 | D63: =SUMIF(Data2!$B$3:$B1011,C63,Data2!$K$3:$K1011) -> 110.7195 | E63: Tons | F63: =D63/A63 -> 1.1297908 | G63: conventional | I63: =sumif($C$68:$C$100,B63,$A$68:$A$100) -> 0 | J63: =H63*I63 -> 0 | K63: =sumif($C$68:$C$97,B63,$D$68:$D$97) -> 0 | L63: =sumif($C$68:$C$97,B63,$F$68:$F$97) -> 2000
A64: 1.5 | B64: Enlist Soybeans | C64: Wes crop 2 | D64: =SUMIF(Data2!$B$3:$B1011,C64,Data2!$K$3:$K1011) -> 71.371029 | E64: BU | F64: =D64/A64 -> 47.580686 | G64: conventional | I64: =sumif($C$68:$C$100,B64,$A$68:$A$100) -> 0 | J64: =H64*I64 -> 0 | K64: =sumif($C$68:$C$97,B64,$D$68:$D$97) -> 1.4 | L64: 56
C66: As of 11/29/21 | D66: Discount | E66: Foreign Material | F66: Test Weight | G66: Moisture shrink
A67: Coverage | B67: Total Bu | C67: CROPS
A68: 0 | B68: =sumif(Data2!$E$3:$E1011,C68,Data2!$J$3:$J1011) -> 392918.66 | C68: Non-GMO Yellow Corn | D68: 1.5 | F68: 56 | G68: 15
A69: 0 | B69: =sumif(Data2!$E$3:$E1011,C69,Data2!$J$3:$J1011) -> 0 | C69: Non-GMO Blue Corn | D69: 1.5 | F69: 56 | G69: 15
A70: 0 | B70: =sumif(Data2!$E$3:$E1011,C70,Data2!$J$3:$J1011) -> 0 | C70: Non-GMO White Corn | D70: 1.5 | F70: 56 | G70: 15
A71: 0 | B71: =sumif(Data2!$E$3:$E1011,C71,Data2!$K$3:$K1011) -> 12099.482 | C71: Pioneer 21A20 Food beans | D71: 1.5 | F71: 60 | G71: 13
A72: 0 | B72: =sumif(Data2!$E$3:$E1011,C72,Data2!$K$3:$K1011) -> 3796.9133 | C72: 155 OR Seed beans | D72: 1.5 | F72: 60 | G72: 13
A73: 0 | C73: 202 OR Seed Beans | D73: 1.5 | F73: 60 | G73: 13
A74: 0 | B74: =sumif(Data2!$E$3:$E1011,C74,Data2!$K$3:$K1011) -> 19715.832 | C74: 262 OR Seed beans | D74: 1.5 | F74: 60 | G74: 13
A75: 0 | C75: 223 OR Seed Beans | D75: 1.5 | F75: 60 | G75: 13
A76: 0 | B76: =sumif(Data2!$E$3:$E1011,C76,Data2!$K$3:$K1011) -> 0 | C76: Non-GMO Seed Grade Beans | D76: 1.5 | F76: 60 | G76: 13
A77: 0 | B77: =sumif(Data2!$E$3:$E1011,C77,Data2!$J$3:$J1011) -> 5346.6914 | C77: Enlist Soybeans | D77: 1.4 | F77: 56 | G77: 13
A78: 0 | B78: =sumif(Data2!$E$3:$E1011,C78,Data2!$J$3:$J1011) -> 2537.7049 | C78: DF EX25C2.5 Soybeans | D78: 1.8 | F78: 61 | G78: 13
A79: 0 | B79: =sumif(Data2!$E$3:$E1011,C79,Data2!$J$3:$J1011) -> 18999.83 | C79: Hybrid Rye | D79: 0 | F79: 56 | G79: 13
A80: 0 | B80: =sumif(Data2!$E$3:$E1011,C80,Data2!$J$3:$J1011) -> 21289.714 | C80: Rye | D80: 0 | F80: 56 | G80: 13
A81: 0 | B81: =sumif(Data2!$E$3:$E1011,C81,Data2!$J$3:$J1011) -> 13825.172 | C81: Organic Wheat | D81: 0 | F81: 58 | G81: 0
A82: 0 | B82: =sumif(Data2!$E$3:$E1011,C82,Data2!$J$3:$J1011) -> 0 | C82: Shell Corn | D82: 1.5 | F82: 56 | G82: 15
A83: 0 | B83: =sumif(Data2!$E$3:$E1011,C83,Data2!$J$3:$J1011) -> 0 | C83: Organic Yellow Corn | D83: 1.5 | F83: 56 | G83: 0
A84: 0 | B84: =sumif(Data2!$E$3:$E1011,C84,Data2!$J$3:$J1011) -> 0 | C84: Organic Blue Corn | D84: 1.5 | F84: 56 | G84: 15
A85: 0 | B85: =sumif(Data2!$E$3:$E1011,C85,Data2!$J$3:$J1011) -> 3144.045 | C85: Organic Soybeans | D85: 1.5 | F85: 60 | G85: 13
A86: 0 | B86: =sumif(Data2!$E$3:$E1011,C86,Data2!$J$3:$J1011) -> 0 | C86: Organic Barley | D86: 0 | F86: 48 | G86: 0
A87: 0 | B87: =sumif(Data2!$E$3:$E1011,C87,Data2!$J$3:$J1011) -> 0 | C87: Organic Sorghum | D87: 0 | F87: 56 | G87: 15
A88: 0 | B88: =sumif(Data2!$E$3:$E1011,C88,Data2!$J$3:$J1011) -> 0 | C88: Organic Sunflowers | D88: 1.5 | F88: 32 | G88: 15
A89: 0 | B89: =sumif(Data2!$E$3:$E1011,C89,Data2!$J$3:$J1011) -> 137.87 | C89: Organic Sweet Corn | D89: 0 | F89: 2000 | G89: 15
A90: 0 | B90: =sumif(Data2!$E$3:$E1011,C90,Data2!$J$3:$J1011) -> 45902.281 | C90: Organic Snap Beans | D90: 1.5 | F90: 32 | G90: 15
A91: 0 | B91: =sumif(Data2!$E$3:$E1011,C91,Data2!$J$3:$J1011) -> 17711.203 | C91: Organic Peas | D91: 1.5 | F91: 32 | G91: 15
A92: 0 | B92: =sumif(Data2!$E$3:$E1011,C92,Data2!$J$3:$J1011) -> 1092.8 | C92: Sweet Corn | D92: 0 | F92: 2000 | G92: 15
A93: 0 | B93: =sumif(Data2!$E$3:$E1011,C93,Data2!$J$3:$J1011) -> 308.772 | C93: Lima Beans | D93: 0 | F93: 2000 | G93: 0
A94: 0 | B94: =sumif(Data2!$E$3:$E1011,C94,Data2!$J$3:$J1011) -> 846.4 | C94: Snap Beans | D94: 0 | F94: 2000 | G94: 15
A95: 0 | B95: =sumif(Data2!$E$3:$E1011,C95,Data2!$J$3:$J1011) -> 0 | C95: Winter Camelina | D95: 0 | F95: 1 | G95: 0
A96: 0 | B96: =sumif(Data2!$E$3:$E1011,C96,Data2!$J$3:$J1011) -> 0 | C96: Peas | D96: 0 | F96: 2000 | G96: 0
A97: 0 | B97: =sumif(Data2!$E$3:$E1011,C97,Data2!$J$3:$J1011) -> 0 | C97: Hay | D97: 0 | F97: 1 | G97: 0
A98: 0 | B98: =sumif(Data2!$E$3:$E1011,C98,Data2!$J$3:$J1011) -> 0 | C98: Split crops | D98: 1.5 | F98: 56 | G98: 15
A99: 0 | B99: =sumif(Data2!$E$3:$E1011,C99,Data2!$J$3:$J1011) -> 0 | C99: Prevent plant | D99: 1.5 | F99: 56 | G99: 15
A100: 0 | B100: =sumif(Data2!$E$3:$E1011,C100,Data2!$J$3:$J1011) -> 0 | C100: bypassed | D100: 0 | F100: 1 | G100: 0
A101: 0 | B101: =sumif(Data2!$E$3:$E1011,C101,Data2!$J$3:$J1011) -> 0 | C101: Organic Rye & VETCH | D101: 0 | F101: 1 | G101: 0
...

Sheet Data2
A1: =IFERROR(__xludf.DUMMYFUNCTION("IMPORTRANGE(""https://docs.google.com/spreadsheets/d/1d1umGcBflAvJSG85XbMDFWFB-r8uNyLx1DnkM26F2W8/edit?gid=1414208589#gid=1414208589"",""Data!A1:H"")"),"Date") -> Date | B1: =IFERROR(__xludf.DUMMYFUNCTION("""COMPUTED_VALUE"""),"FARM") -> FARM | C1: =IFERROR(__xludf.DUMMYFUNCTION("""COMPUTED_VALUE"""),"NET WEIGHT") -> NET WEIGHT | D1: =IFERROR(__xludf.DUMMYFUNCTION("""COMPUTED_VALUE"""),"MOISTURE") -> MOISTURE | E1: =IFERROR(__xludf.DUMMYFUNCTION("""COMPUTED_VALUE"""),"CROP") -> CROP | F1: =IFERROR(__xludf.DUMMYFUNCTION("""COMPUTED_VALUE"""),"TICKET NO.") -> TICKET NO. | G1: =IFERROR(__xludf.DUMMYFUNCTION("""COMPUTED_VALUE"""),"NOTES") -> NOTES | H1: =IFERROR(__xludf.DUMMYFUNCTION("""COMPUTED_VALUE"""),"FM") -> FM | I1: FM Discount Factor | J1: GROSS BU | K1: NET BU IF SOLD | L1: Discount | M1: Test Weight | N1: Moisture Shrink
A2: =IFERROR(__xludf.DUMMYFUNCTION("""COMPUTED_VALUE"""),45860.0) -> 45860 | B2: =IFERROR(__xludf.DUMMYFUNCTION("""COMPUTED_VALUE"""),"Airport") -> Airport | C2: =IFERROR(__xludf.DUMMYFUNCTION("""COMPUTED_VALUE"""),55480.0) -> 55480 | D2: =IFERROR(__xludf.DUMMYFUNCTION("""COMPUTED_VALUE"""),12.9) -> 12.9 | E2: =IFERROR(__xludf.DUMMYFUNCTION("""COMPUTED_VALUE"""),"Rye ") -> Rye | F2: =IFERROR(__xludf.DUMMYFUNCTION("""COMPUTED_VALUE"""),"H066666") -> H066666 | G2: =IFERROR(__xludf.DUMMYFUNCTION("""COMPUTED_VALUE"""),"HBT# 5652 WR Trk# 41") -> HBT# 5652 WR Trk# 41 | H2: =IFERROR(__xludf.DUMMYFUNCTION("""COMPUTED_VALUE"""),0.1) -> 0.1 | I2: =if(H2>=1,H2-1,"0")/100 -> 0 | J2: =(((100-((D2-N2)*L2))*(C2))/M2)/100 -> 990.71429 | K2: =J2*(1-I2) -> 990.71429 | L2: =sumif(Farms!$C$68:$C$104,E1,Farms!$D$68:$D$104) -> 0 | M2: 56 | N2: =sumif(Farms!$C$68:$C$104,E1,Farms!$G$68:$G$104) -> 0
A3: =IFERROR(__xludf.DUMMYFUNCTION("""COMPUTED_VALUE"""),45860.0) -> 45860 | B3: =IFERROR(__xludf.DUMMYFUNCTION("""COMPUTED_VALUE"""),"Airport") -> Airport | C3: =IFERROR(__xludf.DUMMYFUNCTION("""COMPUTED_VALUE"""),42780.0) -> 42780 | D3: =IFERROR(__xludf.DUMMYFUNCTION("""COMPUTED_VALUE"""),13.5) -> 13.5 | E3: =IFERROR(__xludf.DUMMYFUNCTION("""COMPUTED_VALUE"""),"Rye ") -> Rye | F3: =IFERROR(__xludf.DUMMYFUNCTION("""COMPUTED_VALUE"""),"H066668") -> H066668 | G3: =IFERROR(__xludf.DUMMYFUNCTION("""COMPUTED_VALUE"""),"HBT# 3122 Bob Trk# 5") -> HBT# 3122 Bob Trk# 5 | H3: =IFERROR(__xludf.DUMMYFUNCTION("""COMPUTED_VALUE"""),0.2) -> 0.2 | I3: =if(H3>=1,H3-1,"0")/100 -> 0 | J3: =(((100-((D3-N3)*L3))*(C3))/M3)/100 -> 763.92857 | K3: =J3*(1-I3) -> 763.92857 | L3: =sumif(Farms!$C$68:$C$104,E3,Farms!$D$68:$D$104) -> 0 | M3: 56 | N3: 0
A4: =IFERROR(__xludf.DUMMYFUNCTION("""COMPUTED_VALUE"""),45866.0) -> 45866 | B4: =IFERROR(__xludf.DUMMYFUNCTION("""COMPUTED_VALUE"""),"Airport") -> Airport | C4: =IFERROR(__xludf.DUMMYFUNCTION("""COMPUTED_VALUE"""),56480.0) -> 56480 | D4: =IFERROR(__xludf.DUMMYFUNCTION("""COMPUTED_VALUE"""),12.5) -> 12.5 | E4: =IFERROR(__xludf.DUMMYFUNCTION("""COMPUTED_VALUE"""),"Rye ") -> Rye | F4: =IFERROR(__xludf.DUMMYFUNCTION("""COMPUTED_VALUE"""),"H066671") -> H066671 | G4: =IFERROR(__xludf.DUMMYFUNCTION("""COMPUTED_VALUE"""),"HBT# 4558 Bob Trk# 63") -> HBT# 4558 Bob Trk# 63 | H4: =IFERROR(__xludf.DUMMYFUNCTION("""COMPUTED_VALUE"""),0.1) -> 0.1 | I4: =if(H4>=1,H4-1,"0")/100 -> 0 | J4: =(((100-((D4-N4)*L4))*(C4))/M4)/100 -> 1008.5714 | K4: =J4*(1-I4) -> 1008.5714 | L4: =sumif(Farms!$C$68:$C$104,E4,Farms!$D$68:$D$104) -> 0 | M4: 56 | N4: 0
A5: =IFERROR(__xludf.DUMMYFUNCTION("""COMPUTED_VALUE"""),45866.0) -> 45866 | B5: =IFERROR(__xludf.DUMMYFUNCTION("""COMPUTED_VALUE"""),"Airport") -> Airport | C5: =IFERROR(__xludf.DUMMYFUNCTION("""COMPUTED_VALUE"""),54480.0) -> 54480 | D5: =IFERROR(__xludf.DUMMYFUNCTION("""COMPUTED_VALUE"""),11.9) -> 11.9 | E5: =IFERROR(__xludf.DUMMYFUNCTION("""COMPUTED_VALUE"""),"Rye ") -> Rye | F5: =IFERROR(__xludf.DUMMYFUNCTION("""COMPUTED_VALUE"""),"H066672") -> H066672 | G5: =IFERROR(__xludf.DUMMYFUNCTION("""COMPUTED_VALUE"""),"HBT# 5653 WR Trk# 41") -> HBT# 5653 WR Trk# 41 | H5: =IFERROR(__xludf.DUMMYFUNCTION("""COMPUTED_VALUE"""),0.2) -> 0.2 | I5: =if(H5>=1,H5-1,"0")/100 -> 0 | J5: =(((100-((D5-N5)*L5))*(C5))/M5)/100 -> 972.85714 | K5: =J5*(1-I5) -> 972.85714 | L5: =sumif(Farms!$C$68:$C$104,E5,Farms!$D$68:$D$104) -> 0 | M5: 56 | N5: 0
A6: =IFERROR(__xludf.DUMMYFUNCTION("""COMPUTED_VALUE"""),45866.0) -> 45866 | B6: =IFERROR(__xludf.DUMMYFUNCTION("""COMPUTED_VALUE"""),"Airport") -> Airport | C6: =IFERROR(__xludf.DUMMYFUNCTION("""COMPUTED_VALUE"""),57020.0) -> 57020 | D6: =IFERROR(__xludf.DUMMYFUNCTION("""COMPUTED_VALUE"""),12.0) -> 12 | E6: =IFERROR(__xludf.DUMMYFUNCTION("""COMPUTED_VALUE"""),"Rye ") -> Rye | F6: =IFERROR(__xludf.DUMMYFUNCTION("""COMPUTED_VALUE"""),"H066673") -> H066673 | G6: =IFERROR(__xludf.DUMMYFUNCTION("""COMPUTED_VALUE"""),"HBT# 3124 Bob Trk# 5") -> HBT# 3124 Bob Trk# 5 | H6: =IFERROR(__xludf.DUMMYFUNCTION("""COMPUTED_VALUE"""),0.19) -> 0.19 | I6: =if(H6>=1,H6-1,"0")/100 -> 0 | J6: =(((100-((D6-N6)*L6))*(C6))/M6)/100 -> 1018.2143 | K6: =J6*(1-I6) -> 1018.2143 | L6: =sumif(Farms!$C$68:$C$104,E6,Farms!$D$68:$D$104) -> 0 | M6: 56 | N6: 0
A7: =IFERROR(__xludf.DUMMYFUNCTION("""COMPUTED_VALUE"""),45868.0) -> 45868 | B7: =IFERROR(__xludf.DUMMYFUNCTION("""COMPUTED_VALUE"""),"Airport") -> Airport | C7: =IFERROR(__xludf.DUMMYFUNCTION("""COMPUTED_VALUE"""),55540.0) -> 55540 | D7: =IFERROR(__xludf.DUMMYFUNCTION("""COMPUTED_VALUE"""),13.0) -> 13 | E7: =IFERROR(__xludf.DUMMYFUNCTION("""COMPUTED_VALUE"""),"Rye ") -> Rye | F7: =IFERROR(__xludf.DUMMYFUNCTION("""COMPUTED_VALUE"""),"H066675") -> H066675 | G7: =IFERROR(__xludf.DUMMYFUNCTION("""COMPUTED_VALUE"""),"HBT# 3125 Julianne Trk# 5") -> HBT# 3125 Julianne Trk# 5 | H7: =IFERROR(__xludf.DUMMYFUNCTION("""COMPUTED_VALUE"""),0.1) -> 0.1 | I7: =if(H7>=1,H7-1,"0")/100 -> 0 | J7: =(((100-((D7-N7)*L7))*(C7))/M7)/100 -> 991.78571 | K7: =J7*(1-I7) -> 991.78571 | L7: =sumif(Farms!$C$68:$C$104,E7,Farms!$D$68:$D$104) -> 0 | M7: 56 | N7: 0
A8: =IFERROR(__xludf.DUMMYFUNCTION("""COMPUTED_VALUE"""),45868.0) -> 45868 | B8: =IFERROR(__xludf.DUMMYFUNCTION("""COMPUTED_VALUE"""),"Airport") -> Airport | C8: =IFERROR(__xludf.DUMMYFUNCTION("""COMPUTED_VALUE"""),55440.0) -> 55440 | D8: =IFERROR(__xludf.DUMMYFUNCTION("""COMPUTED_VALUE"""),13.1) -> 13.1 | E8: =IFERROR(__xludf.DUMMYFUNCTION("""COMPUTED_VALUE"""),"Rye ") -> Rye | F8: =IFERROR(__xludf.DUMMYFUNCTION("""COMPUTED_VALUE"""),"H066676") -> H066676 | G8: =IFERROR(__xludf.DUMMYFUNCTION("""COMPUTED_VALUE"""),"HBT# 5515 WR Trk# 5") -> HBT# 5515 WR Trk# 5 | H8: =IFERROR(__xludf.DUMMYFUNCTION("""COMPUTED_VALUE"""),0.2) -> 0.2 | I8: =if(H8>=1,H8-1,"0")/100 -> 0 | J8: =(((100-((D8-N8)*L8))*(C8))/M8)/100 -> 990 | K8: =J8*(1-I8) -> 990 | L8: =sumif(Farms!$C$68:$C$104,E8,Farms!$D$68:$D$104) -> 0 | M8: 56 | N8: 0
A9: =IFERROR(__xludf.DUMMYFUNCTION("""COMPUTED_VALUE"""),45868.0) -> 45868 | B9: =IFERROR(__xludf.DUMMYFUNCTION("""COMPUTED_VALUE"""),"Airport") -> Airport | C9: =IFERROR(__xludf.DUMMYFUNCTION("""COMPUTED_VALUE"""),51340.0) -> 51340 | D9: =IFERROR(__xludf.DUMMYFUNCTION("""COMPUTED_VALUE"""),13.8) -> 13.8 | E9: =IFERROR(__xludf.DUMMYFUNCTION("""COMPUTED_VALUE"""),"Rye ") -> Rye | F9: =IFERROR(__xludf.DUMMYFUNCTION("""COMPUTED_VALUE"""),"H066677") -> H066677 | G9: =IFERROR(__xludf.DUMMYFUNCTION("""COMPUTED_VALUE"""),"HBT# 4559 Gary Trk#63") -> HBT# 4559 Gary Trk#63 | H9: =IFERROR(__xludf.DUMMYFUNCTION("""COMPUTED_VALUE"""),0.1) -> 0.1 | I9: =if(H9>=1,H9-1,"0")/100 -> 0 | J9: =(((100-((D9-N9)*L9))*(C9))/M9)/100 -> 916.78571 | K9: =J9*(1-I9) -> 916.78571 | L9: =sumif(Farms!$C$68:$C$104,E9,Farms!$D$68:$D$104) -> 0 | M9: 56 | N9: 0
A10: =IFERROR(__xludf.DUMMYFUNCTION("""COMPUTED_VALUE"""),45868.0) -> 45868 | B10: =IFERROR(__xludf.DUMMYFUNCTION("""COMPUTED_VALUE"""),"Airport") -> Airport | C10: =IFERROR(__xludf.DUMMYFUNCTION("""COMPUTED_VALUE"""),53960.0) -> 53960 | D10: =IFERROR(__xludf.DUMMYFUNCTION("""COMPUTED_VALUE"""),13.6) -> 13.6 | E10: =IFERROR(__xludf.DUMMYFUNCTION("""COMPUTED_VALUE"""),"Rye ") -> Rye | F10: =IFERROR(__xludf.DUMMYFUNCTION("""COMPUTED_VALUE"""),"H066679") -> H066679 | G10: =IFERROR(__xludf.DUMMYFUNCTION("""COMPUTED_VALUE"""),"HBT# 5654 Gary Trk# 41") -> HBT# 5654 Gary Trk# 41 | H10: =IFERROR(__xludf.DUMMYFUNCTION("""COMPUTED_VALUE"""),0.1) -> 0.1 | I10: =if(H10>=1,H10-1,"0")/100 -> 0 | J10: =(((100-((D10-N10)*L10))*(C10))/M10)/100 -> 963.57143 | K10: =J10*(1-I10) -> 963.57143 | L10: =sumif(Farms!$C$68:$C$104,E10,Farms!$D$68:$D$104) -> 0 | M10: 56 | N10: 0
A11: =IFERROR(__xludf.DUMMYFUNCTION("""COMPUTED_VALUE"""),45873.0) -> 45873 | B11: =IFERROR(__xludf.DUMMYFUNCTION("""COMPUTED_VALUE"""),"Airport") -> Airport | C11: =IFERROR(__xludf.DUMMYFUNCTION("""COMPUTED_VALUE"""),59780.0) -> 59780 | D11: =IFERROR(__xludf.DUMMYFUNCTION("""COMPUTED_VALUE"""),13.0) -> 13 | E11: =IFERROR(__xludf.DUMMYFUNCTION("""COMPUTED_VALUE"""),"Rye ") -> Rye | F11: =IFERROR(__xludf.DUMMYFUNCTION("""COMPUTED_VALUE"""),"H066689") -> H066689 | G11: =IFERROR(__xludf.DUMMYFUNCTION("""COMPUTED_VALUE"""),"HBT# 3126 Julianne Trk# 5") -> HBT# 3126 Julianne Trk# 5 | H11: =IFERROR(__xludf.DUMMYFUNCTION("""COMPUTED_VALUE"""),0.2) -> 0.2 | I11: =if(H11>=1,H11-1,"0")/100 -> 0 | J11: =(((100-((D11-N11)*L11))*(C11))/M11)/100 -> 1067.5 | K11: =J11*(1-I11) -> 1067.5 | L11: =sumif(Farms!$C$68:$C$104,E11,Farms!$D$68:$D$104) -> 0 | M11: 56 | N11: 0
A12: =IFERROR(__xludf.DUMMYFUNCTION("""COMPUTED_VALUE"""),45873.0) -> 45873 | B12: =IFERROR(__xludf.DUMMYFUNCTION("""COMPUTED_VALUE"""),"Airport") -> Airport | C12: =IFERROR(__xludf.DUMMYFUNCTION("""COMPUTED_VALUE"""),48520.0) -> 48520 | D12: =IFERROR(__xludf.DUMMYFUNCTION("""COMPUTED_VALUE"""),12.3) -> 12.3 | E12: =IFERROR(__xludf.DUMMYFUNCTION("""COMPUTED_VALUE"""),"Rye ") -> Rye | F12: =IFERROR(__xludf.DUMMYFUNCTION("""COMPUTED_VALUE"""),"H066690") -> H066690 | G12: =IFERROR(__xludf.DUMMYFUNCTION("""COMPUTED_VALUE"""),"HBT# 4560 Bob Trk# 63") -> HBT# 4560 Bob Trk# 63 | H12: =IFERROR(__xludf.DUMMYFUNCTION("""COMPUTED_VALUE"""),0.1) -> 0.1 | I12: =if(H12>=1,H12-1,"0")/100 -> 0 | J12: =(((100-((D12-N12)*L12))*(C12))/M12)/100 -> 866.42857 | K12: =J12*(1-I12) -> 866.42857 | L12: =sumif(Farms!$C$68:$C$104,E12,Farms!$D$68:$D$104) -> 0 | M12: 56 | N12: 0
A13: =IFERROR(__xludf.DUMMYFUNCTION("""COMPUTED_VALUE"""),45873.0) -> 45873 | B13: =IFERROR(__xludf.DUMMYFUNCTION("""COMPUTED_VALUE"""),"Airport") -> Airport | C13: =IFERROR(__xludf.DUMMYFUNCTION("""COMPUTED_VALUE"""),57760.0) -> 57760 | D13: =IFERROR(__xludf.DUMMYFUNCTION("""COMPUTED_VALUE"""),12.9) -> 12.9 | E13: =IFERROR(__xludf.DUMMYFUNCTION("""COMPUTED_VALUE"""),"Rye ") -> Rye | F13: =IFERROR(__xludf.DUMMYFUNCTION("""COMPUTED_VALUE"""),"H066691") -> H066691 | G13: =IFERROR(__xludf.DUMMYFUNCTION("""COMPUTED_VALUE"""),"HBT# 5516 Tanner Trk# 2") -> HBT# 5516 Tanner Trk# 2 | H13: =IFERROR(__xludf.DUMMYFUNCTION("""COMPUTED_VALUE"""),0.2) -> 0.2 | I13: =if(H13>=1,H13-1,"0")/100 -> 0 | J13: =(((100-((D13-N13)*L13))*(C13))/M13)/100 -> 1031.4286 | K13: =J13*(1-I13) -> 1031.4286 | L13: =sumif(Farms!$C$68:$C$104,E13,Farms!$D$68:$D$104) -> 0 | M13: 56 | N13: 0
A14: =IFERROR(__xludf.DUMMYFUNCTION("""COMPUTED_VALUE"""),45873.0) -> 45873 | B14: =IFERROR(__xludf.DUMMYFUNCTION("""COMPUTED_VALUE"""),"Airport") -> Airport | C14: =IFERROR(__xludf.DUMMYFUNCTION("""COMPUTED_VALUE"""),56400.0) -> 56400 | D14: =IFERROR(__xludf.DUMMYFUNCTION("""COMPUTED_VALUE"""),12.0) -> 12 | E14: =IFERROR(__xludf.DUMMYFUNCTION("""COMPUTED_VALUE"""),"Rye ") -> Rye | F14: =IFERROR(__xludf.DUMMYFUNCTION("""COMPUTED_VALUE"""),"H066693") -> H066693 | G14: =IFERROR(__xludf.DUMMYFUNCTION("""COMPUTED_VALUE"""),"HBT# 4561 Bob Trk# 63") -> HBT# 4561 Bob Trk# 63 | H14: =IFERROR(__xludf.DUMMYFUNCTION("""COMPUTED_VALUE"""),0.1) -> 0.1 | I14: =if(H14>=1,H14-1,"0")/100 -> 0 | J14: =(((100-((D14-N14)*L14))*(C14))/M14)/100 -> 1007.1429 | K14: =J14*(1-I14) -> 1007.1429 | L14: =sumif(Farms!$C$68:$C$104,E14,Farms!$D$68:$D$104) -> 0 | M14: =sumif(Farms!$C$68:$C$104,E14,Farms!$F$68:$F$104) -> 56 | N14: =sumif(Farms!$C$68:$C$104,E14,Farms!$G$68:$G$104) -> 13
A15: =IFERROR(__xludf.DUMMYFUNCTION("""COMPUTED_VALUE"""),45874.0) -> 45874 | B15: =IFERROR(__xludf.DUMMYFUNCTION("""COMPUTED_VALUE"""),"Airport") -> Airport | C15: =IFERROR(__xludf.DUMMYFUNCTION("""COMPUTED_VALUE"""),57040.0) -> 57040 | D15: =IFERROR(__xludf.DUMMYFUNCTION("""COMPUTED_VALUE"""),14.3) -> 14.3 | E15: =IFERROR(__xludf.DUMMYFUNCTION("""COMPUTED_VALUE"""),"Rye ") -> Rye | F15: =IFERROR(__xludf.DUMMYFUNCTION("""COMPUTED_VALUE"""),"H066694") -> H066694 | G15: =IFERROR(__xludf.DUMMYFUNCTION("""COMPUTED_VALUE"""),"HBT# 4562 Bob Trk# 63") -> HBT# 4562 Bob Trk# 63 | H15: =IFERROR(__xludf.DUMMYFUNCTION("""COMPUTED_VALUE"""),0.3) -> 0.3 | I15: =if(H15>=1,H15-1,"0")/100 -> 0 | J15: =(((100-((D15-N15)*L15))*(C15))/M15)/100 -> 1018.5714 | K15: =J15*(1-I15) -> 1018.5714 | L15: =sumif(Farms!$C$68:$C$104,E15,Farms!$D$68:$D$104) -> 0 | M15: =sumif(Farms!$C$68:$C$104,E15,Farms!$F$68:$F$104) -> 56 | N15: =sumif(Farms!$C$68:$C$104,E15,Farms!$G$68:$G$104) -> 13
A16: =IFERROR(__xludf.DUMMYFUNCTION("""COMPUTED_VALUE"""),45874.0) -> 45874 | B16: =IFERROR(__xludf.DUMMYFUNCTION("""COMPUTED_VALUE"""),"Airport") -> Airport | C16: =IFERROR(__xludf.DUMMYFUNCTION("""COMPUTED_VALUE"""),56960.0) -> 56960 | D16: =IFERROR(__xludf.DUMMYFUNCTION("""COMPUTED_VALUE"""),13.0) -> 13 | E16: =IFERROR(__xludf.DUMMYFUNCTION("""COMPUTED_VALUE"""),"Rye ") -> Rye | F16: =IFERROR(__xludf.DUMMYFUNCTION("""COMPUTED_VALUE"""),"H066695") -> H066695 | G16: =IFERROR(__xludf.DUMMYFUNCTION("""COMPUTED_VALUE"""),"HBT# 4563 Bob Trk# 63") -> HBT# 4563 Bob Trk# 63 | H16: =IFERROR(__xludf.DUMMYFUNCTION("""COMPUTED_VALUE"""),0.4) -> 0.4 | I16: =if(H16>=1,H16-1,"0")/100 -> 0 | J16: =(((100-((D16-N16)*L16))*(C16))/M16)/100 -> 1017.1429 | K16: =J16*(1-I16) -> 1017.1429 | L16: =sumif(Farms!$C$68:$C$104,E16,Farms!$D$68:$D$104) -> 0 | M16: =sumif(Farms!$C$68:$C$104,E16,Farms!$F$68:$F$104) -> 56 | N16: =sumif(Farms!$C$68:$C$104,E16,Farms!$G$68:$G$104) -> 13
A17: =IFERROR(__xludf.DUMMYFUNCTION("""COMPUTED_VALUE"""),45874.0) -> 45874 | B17: =IFERROR(__xludf.DUMMYFUNCTION("""COMPUTED_VALUE"""),"Airport") -> Airport | C17: =IFERROR(__xludf.DUMMYFUNCTION("""COMPUTED_VALUE"""),55100.0) -> 55100 | D17: =IFERROR(__xludf.DUMMYFUNCTION("""COMPUTED_VALUE"""),12.6) -> 12.6 | E17: =IFERROR(__xludf.DUMMYFUNCTION("""COMPUTED_VALUE"""),"Rye ") -> Rye | F17: =IFERROR(__xludf.DUMMYFUNCTION("""COMPUTED_VALUE"""),"H066696") -> H066696 | G17: =IFERROR(__xludf.DUMMYFUNCTION("""COMPUTED_VALUE"""),"HBT# 5517 Tanner Trk# 2") -> HBT# 5517 Tanner Trk# 2 | H17: =IFERROR(__xludf.DUMMYFUNCTION("""COMPUTED_VALUE"""),0.2) -> 0.2 | I17: =if(H17>=1,H17-1,"0")/100 -> 0 | J17: =(((100-((D17-N17)*L17))*(C17))/M17)/100 -> 983.92857 | K17: =J17*(1-I17) -> 983.92857 | L17: =sumif(Farms!$C$68:$C$104,E17,Farms!$D$68:$D$104) -> 0 | M17: =sumif(Farms!$C$68:$C$104,E17,Farms!$F$68:$F$104) -> 56 | N17: =sumif(Farms!$C$68:$C$104,E17,Farms!$G$68:$G$104) -> 13
A18: =IFERROR(__xludf.DUMMYFUNCTION("""COMPUTED_VALUE"""),45873.0) -> 45873 | B18: =IFERROR(__xludf.DUMMYFUNCTION("""COMPUTED_VALUE"""),"Airport") -> Airport | C18: =IFERROR(__xludf.DUMMYFUNCTION("""COMPUTED_VALUE"""),55960.0) -> 55960 | D18: =IFERROR(__xludf.DUMMYFUNCTION("""COMPUTED_VALUE"""),13.6) -> 13.6 | E18: =IFERROR(__xludf.DUMMYFUNCTION("""COMPUTED_VALUE"""),"Rye ") -> Rye | F18: =IFERROR(__xludf.DUMMYFUNCTION("""COMPUTED_VALUE"""),"H066697") -> H066697 | G18: =IFERROR(__xludf.DUMMYFUNCTION("""COMPUTED_VALUE"""),"HBT# 3127 4 Trk# 5 Julianne") -> HBT# 3127 4 Trk# 5 Julianne | H18: =IFERROR(__xludf.DUMMYFUNCTION("""COMPUTED_VALUE"""),0.1) -> 0.1 | I18: =if(H18>=1,H18-1,"0")/100 -> 0 | J18: =(((100-((D18-N18)*L18))*(C18))/M18)/100 -> 999.28571 | K18: =J18*(1-I18) -> 999.28571 | L18: =sumif(Farms!$C$68:$C$104,E18,Farms!$D$68:$D$104) -> 0 | M18: =sumif(Farms!$C$68:$C$104,E18,Farms!$F$68:$F$104) -> 56 | N18: =sumif(Farms!$C$68:$C$104,E18,Farms!$G$68:$G$104) -> 13
A19: =IFERROR(__xludf.DUMMYFUNCTION("""COMPUTED_VALUE"""),45876.0) -> 45876 | B19: =IFERROR(__xludf.DUMMYFUNCTION("""COMPUTED_VALUE"""),"Airport") -> Airport | C19: =IFERROR(__xludf.DUMMYFUNCTION("""COMPUTED_VALUE"""),57440.0) -> 57440 | D19: =IFERROR(__xludf.DUMMYFUNCTION("""COMPUTED_VALUE"""),13.1) -> 13.1 | E19: =IFERROR(__xludf.DUMMYFUNCTION("""COMPUTED_VALUE"""),"Rye ") -> Rye | F19: =IFERROR(__xludf.DUMMYFUNCTION("""COMPUTED_VALUE"""),"H066700") -> H066700 | G19: =IFERROR(__xludf.DUMMYFUNCTION("""COMPUTED_VALUE"""),"Blue Ticket 5075 truck 3 Bob ") -> Blue Ticket 5075 truck 3 Bob | H19: =IFERROR(__xludf.DUMMYFUNCTION("""COMPUTED_VALUE"""),0.4) -> 0.4 | I19: =if(H19>=1,H19-1,"0")/100 -> 0 | J19: =(((100-((D19-N19)*L19))*(C19))/M19)/100 -> 1025.7143 | K19: =J19*(1-I19) -> 1025.7143 | L19: =sumif(Farms!$C$68:$C$104,E19,Farms!$D$68:$D$104) -> 0 | M19: =sumif(Farms!$C$68:$C$104,E19,Farms!$F$68:$F$104) -> 56 | N19: =sumif(Farms!$C$68:$C$104,E19,Farms!$G$68:$G$104) -> 13 | O19: r
A20: =IFERROR(__xludf.DUMMYFUNCTION("""COMPUTED_VALUE"""),45876.0) -> 45876 | B20: =IFERROR(__xludf.DUMMYFUNCTION("""COMPUTED_VALUE"""),"Airport") -> Airport | C20: =IFERROR(__xludf.DUMMYFUNCTION("""COMPUTED_VALUE"""),53100.0) -> 53100 | D20: =IFERROR(__xludf.DUMMYFUNCTION("""COMPUTED_VALUE"""),12.6) -> 12.6 | E20: =IFERROR(__xludf.DUMMYFUNCTION("""COMPUTED_VALUE"""),"Rye ") -> Rye | F20: =IFERROR(__xludf.DUMMYFUNCTION("""COMPUTED_VALUE"""),"H066701") -> H066701 | G20: =IFERROR(__xludf.DUMMYFUNCTION("""COMPUTED_VALUE"""),"HBT# 4564 Airport Hipps Truck # 5 Bob Blue") -> HBT# 4564 Airport Hipps Truck # 5 Bob Blue | H20: =IFERROR(__xludf.DUMMYFUNCTION("""COMPUTED_VALUE"""),0.2) -> 0.2 | I20: =if(H20>=1,H20-1,"0")/100 -> 0 | J20: =(((100-((D20-N20)*L20))*(C20))/M20)/100 -> 948.21429 | K20: =J20*(1-I20) -> 948.21429 | L20: =sumif(Farms!$C$68:$C$104,E20,Farms!$D$68:$D$104) -> 0 | M20: =sumif(Farms!$C$68:$C$104,E20,Farms!$F$68:$F$104) -> 56 | N20: =sumif(Farms!$C$68:$C$104,E20,Farms!$G$68:$G$104) -> 13
A21: =IFERROR(__xludf.DUMMYFUNCTION("""COMPUTED_VALUE"""),45876.0) -> 45876 | B21: =IFERROR(__xludf.DUMMYFUNCTION("""COMPUTED_VALUE"""),"Airport") -> Airport | C21: =IFERROR(__xludf.DUMMYFUNCTION("""COMPUTED_VALUE"""),55020.0) -> 55020 | D21: =IFERROR(__xludf.DUMMYFUNCTION("""COMPUTED_VALUE"""),12.6) -> 12.6 | E21: =IFERROR(__xludf.DUMMYFUNCTION("""COMPUTED_VALUE"""),"Rye ") -> Rye | F21: =IFERROR(__xludf.DUMMYFUNCTION("""COMPUTED_VALUE"""),"H066702") -> H066702 | G21: =IFERROR(__xludf.DUMMYFUNCTION("""COMPUTED_VALUE"""),"HBT#3128 Airport Hipps Truck # 5 Bob") -> HBT#3128 Airport Hipps Truck # 5 Bob | H21: =IFERROR(__xludf.DUMMYFUNCTION("""COMPUTED_VALUE"""),0.2) -> 0.2 | I21: =if(H21>=1,H21-1,"0")/100 -> 0 | J21: =(((100-((D21-N21)*L21))*(C21))/M21)/100 -> 982.5 | K21: =J21*(1-I21) -> 982.5 | L21: =sumif(Farms!$C$68:$C$104,E21,Farms!$D$68:$D$104) -> 0 | M21: =sumif(Farms!$C$68:$C$104,E21,Farms!$F$68:$F$104) -> 56 | N21: =sumif(Farms!$C$68:$C$104,E21,Farms!$G$68:$G$104) -> 13
A22: =IFERROR(__xludf.DUMMYFUNCTION("""COMPUTED_VALUE"""),45877.0) -> 45877 | B22: =IFERROR(__xludf.DUMMYFUNCTION("""COMPUTED_VALUE"""),"Airport") -> Airport | C22: =IFERROR(__xludf.DUMMYFUNCTION("""COMPUTED_VALUE"""),57260.0) -> 57260 | D22: =IFERROR(__xludf.DUMMYFUNCTION("""COMPUTED_VALUE"""),13.7) -> 13.7 | E22: =IFERROR(__xludf.DUMMYFUNCTION("""COMPUTED_VALUE"""),"Rye ") -> Rye | F22: =IFERROR(__xludf.DUMMYFUNCTION("""COMPUTED_VALUE"""),"H066703") -> H066703 | G22: =IFERROR(__xludf.DUMMYFUNCTION("""COMPUTED_VALUE"""),"Hipps and Jrs HBT # 5076 #3 Bob") -> Hipps and Jrs HBT # 5076 #3 Bob | H22: =IFERROR(__xludf.DUMMYFUNCTION("""COMPUTED_VALUE"""),0.09) -> 0.09 | I22: =if(H22>=1,H22-1,"0")/100 -> 0 | J22: =(((100-((D22-N22)*L22))*(C22))/M22)/100 -> 1022.5 | K22: =J22*(1-I22) -> 1022.5 | L22: =sumif(Farms!$C$68:$C$104,E22,Farms!$D$68:$D$104) -> 0 | M22: =sumif(Farms!$C$68:$C$104,E22,Farms!$F$68:$F$104) -> 56 | N22: =sumif(Farms!$C$68:$C$104,E22,Farms!$G$68:$G$104) -> 13
A23: =IFERROR(__xludf.DUMMYFUNCTION("""COMPUTED_VALUE"""),45877.0) -> 45877 | B23: =IFERROR(__xludf.DUMMYFUNCTION("""COMPUTED_VALUE"""),"Airport") -> Airport | C23: =IFERROR(__xludf.DUMMYFUNCTION("""COMPUTED_VALUE"""),58880.0) -> 58880 | D23: =IFERROR(__xludf.DUMMYFUNCTION("""COMPUTED_VALUE"""),12.2) -> 12.2 | E23: =IFERROR(__xludf.DUMMYFUNCTION("""COMPUTED_VALUE"""),"Rye ") -> Rye | F23: =IFERROR(__xludf.DUMMYFUNCTION("""COMPUTED_VALUE"""),"H066704") -> H066704 | G23: =IFERROR(__xludf.DUMMYFUNCTION("""COMPUTED_VALUE"""),"Hipps Juniors HBT# 5518 Bob #2") -> Hipps Juniors HBT# 5518 Bob #2 | H23: =IFERROR(__xludf.DUMMYFUNCTION("""COMPUTED_VALUE"""),0.5) -> 0.5 | I23: =if(H23>=1,H23-1,"0")/100 -> 0 | J23: =(((100-((D23-N23)*L23))*(C23))/M23)/100 -> 1051.4286 | K23: =J23*(1-I23) -> 1051.4286 | L23: =sumif(Farms!$C$68:$C$104,E23,Farms!$D$68:$D$104) -> 0 | M23: =sumif(Farms!$C$68:$C$104,E23,Farms!$F$68:$F$104) -> 56 | N23: =sumif(Farms!$C$68:$C$104,E23,Farms!$G$68:$G$104) -> 13
A24: =IFERROR(__xludf.DUMMYFUNCTION("""COMPUTED_VALUE"""),45877.0) -> 45877 | B24: =IFERROR(__xludf.DUMMYFUNCTION("""COMPUTED_VALUE"""),"Airport - Knilans") -> Airport - Knilans | C24: =IFERROR(__xludf.DUMMYFUNCTION("""COMPUTED_VALUE"""),16980.0) -> 16980 | D24: =IFERROR(__xludf.DUMMYFUNCTION("""COMPUTED_VALUE"""),12.7) -> 12.7 | E24: =IFERROR(__xludf.DUMMYFUNCTION("""COMPUTED_VALUE"""),"Rye ") -> Rye | F24: =IFERROR(__xludf.DUMMYFUNCTION("""COMPUTED_VALUE"""),"H066705") -> H066705 | G24: =IFERROR(__xludf.DUMMYFUNCTION("""COMPUTED_VALUE"""),"HBT# 4565 Bob # 63 trailer 4 last load of Rye ") -> HBT# 4565 Bob # 63 trailer 4 last load of Rye | H24: =IFERROR(__xludf.DUMMYFUNCTION("""COMPUTED_VALUE"""),0.2) -> 0.2 | I24: =if(H24>=1,H24-1,"0")/100 -> 0 | J24: =(((100-((D24-N24)*L24))*(C24))/M24)/100 -> 303.21429 | K24: =J24*(1-I24) -> 303.21429 | L24: =sumif(Farms!$C$68:$C$104,E24,Farms!$D$68:$D$104) -> 0 | M24: =sumif(Farms!$C$68:$C$104,E24,Farms!$F$68:$F$104) -> 56 | N24: =sumif(Farms!$C$68:$C$104,E24,Farms!$G$68:$G$104) -> 13
A25: =IFERROR(__xludf.DUMMYFUNCTION("""COMPUTED_VALUE"""),45936.0) -> 45936 | B25: =IFERROR(__xludf.DUMMYFUNCTION("""COMPUTED_VALUE"""),"bakke") -> bakke | C25: =IFERROR(__xludf.DUMMYFUNCTION("""COMPUTED_VALUE"""),55980.0) -> 55980 | D25: =IFERROR(__xludf.DUMMYFUNCTION("""COMPUTED_VALUE"""),15.4) -> 15.4 | E25: =IFERROR(__xludf.DUMMYFUNCTION("""COMPUTED_VALUE"""),"Non-GMO Yellow Corn") -> Non-GMO Yellow Corn | F25: =IFERROR(__xludf.DUMMYFUNCTION("""COMPUTED_VALUE"""),"0548919") -> 0548919 | G25: =IFERROR(__xludf.DUMMYFUNCTION("""COMPUTED_VALUE"""),"HBT# 5859 Bob Trk# 3") -> HBT# 5859 Bob Trk# 3 | I25: =if(H25>=1,H25-1,"0")/100 -> 0 | J25: =(((100-((D25-N25)*L25))*(C25))/M25)/100 -> 993.645 | K25: =J25*(1-I25) -> 993.645 | L25: =sumif(Farms!$C$68:$C$104,E25,Farms!$D$68:$D$104) -> 1.5 | M25: =sumif(Farms!$C$68:$C$104,E25,Farms!$F$68:$F$104) -> 56 | N25: =sumif(Farms!$C$68:$C$104,E25,Farms!$G$68:$G$104) -> 15
A26: =IFERROR(__xludf.DUMMYFUNCTION("""COMPUTED_VALUE"""),45936.0) -> 45936 | B26: =IFERROR(__xludf.DUMMYFUNCTION("""COMPUTED_VALUE"""),"bakke") -> bakke | C26: =IFERROR(__xludf.DUMMYFUNCTION("""COMPUTED_VALUE"""),54920.0) -> 54920 | D26: =IFERROR(__xludf.DUMMYFUNCTION("""COMPUTED_VALUE"""),15.8) -> 15.8 | E26: =IFERROR(__xludf.DUMMYFUNCTION("""COMPUTED_VALUE"""),"Non-GMO Yellow Corn") -> Non-GMO Yellow Corn | F26: =IFERROR(__xludf.DUMMYFUNCTION("""COMPUTED_VALUE"""),"0548922") -> 0548922 | G26: =IFERROR(__xludf.DUMMYFUNCTION("""COMPUTED_VALUE"""),"HBT#5534 Tanner Trk# 2") -> HBT#5534 Tanner Trk# 2 | I26: =if(H26>=1,H26-1,"0")/100 -> 0 | J26: =(((100-((D26-N26)*L26))*(C26))/M26)/100 -> 968.94571 | K26: =J26*(1-I26) -> 968.94571 | L26: =sumif(Farms!$C$68:$C$104,E26,Farms!$D$68:$D$104) -> 1.5 | M26: =sumif(Farms!$C$68:$C$104,E26,Farms!$F$68:$F$104) -> 56 | N26: =sumif(Farms!$C$68:$C$104,E26,Farms!$G$68:$G$104) -> 15
A27: =IFERROR(__xludf.DUMMYFUNCTION("""COMPUTED_VALUE"""),45936.0) -> 45936 | B27: =IFERROR(__xludf.DUMMYFUNCTION("""COMPUTED_VALUE"""),"bakke") -> bakke | C27: =IFERROR(__xludf.DUMMYFUNCTION("""COMPUTED_VALUE"""),57040.0) -> 57040 | D27: =IFERROR(__xludf.DUMMYFUNCTION("""COMPUTED_VALUE"""),15.4) -> 15.4 | E27: =IFERROR(__xludf.DUMMYFUNCTION("""COMPUTED_VALUE"""),"Non-GMO Yellow Corn") -> Non-GMO Yellow Corn | F27: =IFERROR(__xludf.DUMMYFUNCTION("""COMPUTED_VALUE"""),"0548924") -> 0548924 | G27: =IFERROR(__xludf.DUMMYFUNCTION("""COMPUTED_VALUE"""),"HBT#4575 Jack Trk# 63 ") -> HBT#4575 Jack Trk# 63 | I27: =if(H27>=1,H27-1,"0")/100 -> 0 | J27: =(((100-((D27-N27)*L27))*(C27))/M27)/100 -> 1012.46 | K27: =J27*(1-I27) -> 1012.46 | L27: =sumif(Farms!$C$68:$C$104,E27,Farms!$D$68:$D$104) -> 1.5 | M27: =sumif(Farms!$C$68:$C$104,E27,Farms!$F$68:$F$104) -> 56 | N27: =sumif(Farms!$C$68:$C$104,E27,Farms!$G$68:$G$104) -> 15
A28: =IFERROR(__xludf.DUMMYFUNCTION("""COMPUTED_VALUE"""),45936.0) -> 45936 | B28: =IFERROR(__xludf.DUMMYFUNCTION("""COMPUTED_VALUE"""),"bakke") -> bakke | C28: =IFERROR(__xludf.DUMMYFUNCTION("""COMPUTED_VALUE"""),55040.0) -> 55040 | D28: =IFERROR(__xludf.DUMMYFUNCTION("""COMPUTED_VALUE"""),15.5) -> 15.5 | E28: =IFERROR(__xludf.DUMMYFUNCTION("""COMPUTED_VALUE"""),"Non-GMO Yellow Corn") -> Non-GMO Yellow Corn | F28: =IFERROR(__xludf.DUMMYFUNCTION("""COMPUTED_VALUE"""),"0548928") -> 0548928 | G28: =IFERROR(__xludf.DUMMYFUNCTION("""COMPUTED_VALUE"""),"HBT#5754 WDH Trk# 4") -> HBT#5754 WDH Trk# 4 | I28: =if(H28>=1,H28-1,"0")/100 -> 0 | J28: =(((100-((D28-N28)*L28))*(C28))/M28)/100 -> 975.48571 | K28: =J28*(1-I28) -> 975.48571 | L28: =sumif(Farms!$C$68:$C$104,E28,Farms!$D$68:$D$104) -> 1.5 | M28: =sumif(Farms!$C$68:$C$104,E28,Farms!$F$68:$F$104) -> 56 | N28: =sumif(Farms!$C$68:$C$104,E28,Farms!$G$68:$G$104) -> 15
A29: =IFERROR(__xludf.DUMMYFUNCTION("""COMPUTED_VALUE"""),45936.0) -> 45936 | B29: =IFERROR(__xludf.DUMMYFUNCTION("""COMPUTED_VALUE"""),"bakke") -> bakke | C29: =IFERROR(__xludf.DUMMYFUNCTION("""COMPUTED_VALUE"""),57620.0) -> 57620 | D29: =IFERROR(__xludf.DUMMYFUNCTION("""COMPUTED_VALUE"""),15.9) -> 15.9 | E29: =IFERROR(__xludf.DUMMYFUNCTION("""COMPUTED_VALUE"""),"Non-GMO Yellow Corn") -> Non-GMO Yellow Corn | F29: =IFERROR(__xludf.DUMMYFUNCTION("""COMPUTED_VALUE"""),"0548931") -> 0548931 | G29: =IFERROR(__xludf.DUMMYFUNCTION("""COMPUTED_VALUE"""),"HBT#5201 JB Trk# 5") -> HBT#5201 JB Trk# 5 | I29: =if(H29>=1,H29-1,"0")/100 -> 0 | J29: =(((100-((D29-N29)*L29))*(C29))/M29)/100 -> 1015.038 | K29: =J29*(1-I29) -> 1015.038 | L29: =sumif(Farms!$C$68:$C$104,E29,Farms!$D$68:$D$104) -> 1.5 | M29: =sumif(Farms!$C$68:$C$104,E29,Farms!$F$68:$F$104) -> 56 | N29: =sumif(Farms!$C$68:$C$104,E29,Farms!$G$68:$G$104) -> 15
A30: =IFERROR(__xludf.DUMMYFUNCTION("""COMPUTED_VALUE"""),45936.0) -> 45936 | B30: =IFERROR(__xludf.DUMMYFUNCTION("""COMPUTED_VALUE"""),"bakke") -> bakke | C30: =IFERROR(__xludf.DUMMYFUNCTION("""COMPUTED_VALUE"""),55920.0) -> 55920 | D30: =IFERROR(__xludf.DUMMYFUNCTION("""COMPUTED_VALUE"""),15.7) -> 15.7 | E30: =IFERROR(__xludf.DUMMYFUNCTION("""COMPUTED_VALUE"""),"Non-GMO Yellow Corn") -> Non-GMO Yellow Corn | F30: =IFERROR(__xludf.DUMMYFUNCTION("""COMPUTED_VALUE"""),"0548932") -> 0548932 | G30: =IFERROR(__xludf.DUMMYFUNCTION("""COMPUTED_VALUE"""),"HBT#5860 Bob Trk# 3 Last Load") -> HBT#5860 Bob Trk# 3 Last Load | I30: 0 | J30: =(((100-((D30-N30)*L30))*(C30))/M30)/100 -> 958.12929 | K30: =J30*(1-I30) -> 958.12929 | L30: =sumif(Farms!$C$68:$C$104,E30,Farms!$D$68:$D$104) -> 1.5 | M30: 56 | N30: 13 | O30: r
A31: =IFERROR(__xludf.DUMMYFUNCTION("""COMPUTED_VALUE"""),45853.0) -> 45853 | B31: =IFERROR(__xludf.DUMMYFUNCTION("""COMPUTED_VALUE"""),"blue ") -> blue | C31: =IFERROR(__xludf.DUMMYFUNCTION("""COMPUTED_VALUE"""),56760.0) -> 56760 | E31: =IFERROR(__xludf.DUMMYFUNCTION("""COMPUTED_VALUE"""),"Hybrid Rye") -> Hybrid Rye | F31: =IFERROR(__xludf.DUMMYFUNCTION("""COMPUTED_VALUE"""),"00130") -> 00130 | G31: =IFERROR(__xludf.DUMMYFUNCTION("""COMPUTED_VALUE"""),"HBT#5070 Bob Trk # 3 1st load") -> HBT#5070 Bob Trk # 3 1st load | I31: =if(H31>=1,H31-1,"0")/100 -> 0 | J31: =(((100-((D31-N31)*L31))*(C31))/M31)/100 -> 1013.5714 | K31: =J31*(1-I31) -> 1013.5714 | L31: =sumif(Farms!$C$68:$C$104,E31,Farms!$D$68:$D$104) -> 0 | M31: 56 | N31: 13
A32: =IFERROR(__xludf.DUMMYFUNCTION("""COMPUTED_VALUE"""),45853.0) -> 45853 | B32: =IFERROR(__xludf.DUMMYFUNCTION("""COMPUTED_VALUE"""),"blue ") -> blue | C32: =IFERROR(__xludf.DUMMYFUNCTION("""COMPUTED_VALUE"""),58200.0) -> 58200 | E32: =IFERROR(__xludf.DUMMYFUNCTION("""COMPUTED_VALUE"""),"Hybrid Rye") -> Hybrid Rye | F32: =IFERROR(__xludf.DUMMYFUNCTION("""COMPUTED_VALUE"""),"00131") -> 00131 | G32: =IFERROR(__xludf.DUMMYFUNCTION("""COMPUTED_VALUE"""),"HBT# 5506 Bob Trk 2") -> HBT# 5506 Bob Trk 2 | I32: =if(H32>=1,H32-1,"0")/100 -> 0 | J32: =(((100-((D32-N32)*L32))*(C32))/M32)/100 -> 1039.2857 | K32: =J32*(1-I32) -> 1039.2857 | L32: =sumif(Farms!$C$68:$C$104,E32,Farms!$D$68:$D$104) -> 0 | M32: 56 | N32: 13
A33: =IFERROR(__xludf.DUMMYFUNCTION("""COMPUTED_VALUE"""),45853.0) -> 45853 | B33: =IFERROR(__xludf.DUMMYFUNCTION("""COMPUTED_VALUE"""),"blue ") -> blue | C33: =IFERROR(__xludf.DUMMYFUNCTION("""COMPUTED_VALUE"""),56180.0) -> 56180 | E33: =IFERROR(__xludf.DUMMYFUNCTION("""COMPUTED_VALUE"""),"Hybrid Rye") -> Hybrid Rye | F33: =IFERROR(__xludf.DUMMYFUNCTION("""COMPUTED_VALUE"""),"00136") -> 00136 | G33: =IFERROR(__xludf.DUMMYFUNCTION("""COMPUTED_VALUE"""),"HBT#3117 Gary Trk 5") -> HBT#3117 Gary Trk 5 | I33: =if(H33>=1,H33-1,"0")/100 -> 0 | J33: =(((100-((D33-N33)*L33))*(C33))/M33)/100 -> 1003.2143 | K33: =J33*(1-I33) -> 1003.2143 | L33: =sumif(Farms!$C$68:$C$104,E33,Farms!$D$68:$D$104) -> 0 | M33: 56 | N33: 13
A34: =IFERROR(__xludf.DUMMYFUNCTION("""COMPUTED_VALUE"""),45853.0) -> 45853 | B34: =IFERROR(__xludf.DUMMYFUNCTION("""COMPUTED_VALUE"""),"blue ") -> blue | C34: =IFERROR(__xludf.DUMMYFUNCTION("""COMPUTED_VALUE"""),57240.0) -> 57240 | E34: =IFERROR(__xludf.DUMMYFUNCTION("""COMPUTED_VALUE"""),"Hybrid Rye") -> Hybrid Rye | F34: =IFERROR(__xludf.DUMMYFUNCTION("""COMPUTED_VALUE"""),"00137") -> 00137 | G34: =IFERROR(__xludf.DUMMYFUNCTION("""COMPUTED_VALUE"""),"HBT# 5071 Bob Trk # 3") -> HBT# 5071 Bob Trk # 3 | I34: =if(H34>=1,H34-1,"0")/100 -> 0 | J34: =(((100-((D34-N34)*L34))*(C34))/M34)/100 -> 1022.1429 | K34: =J34*(1-I34) -> 1022.1429 | L34: =sumif(Farms!$C$68:$C$104,E34,Farms!$D$68:$D$104) -> 0 | M34: 56 | N34: 13
A35: =IFERROR(__xludf.DUMMYFUNCTION("""COMPUTED_VALUE"""),45853.0) -> 45853 | B35: =IFERROR(__xludf.DUMMYFUNCTION("""COMPUTED_VALUE"""),"blue ") -> blue | C35: =IFERROR(__xludf.DUMMYFUNCTION("""COMPUTED_VALUE"""),56520.0) -> 56520 | E35: =IFERROR(__xludf.DUMMYFUNCTION("""COMPUTED_VALUE"""),"Hybrid Rye") -> Hybrid Rye | F35: =IFERROR(__xludf.DUMMYFUNCTION("""COMPUTED_VALUE"""),"00140") -> 00140 | G35: =IFERROR(__xludf.DUMMYFUNCTION("""COMPUTED_VALUE"""),"HBT# 5507 Tanner Trk # 2") -> HBT# 5507 Tanner Trk # 2 | I35: =if(H35>=1,H35-1,"0")/100 -> 0 | J35: =(((100-((D35-N35)*L35))*(C35))/M35)/100 -> 1009.2857 | K35: =J35*(1-I35) -> 1009.2857 | L35: =sumif(Farms!$C$68:$C$104,E35,Farms!$D$68:$D$104) -> 0 | M35: 56 | N35: 13
A36: =IFERROR(__xludf.DUMMYFUNCTION("""COMPUTED_VALUE"""),45853.0) -> 45853 | B36: =IFERROR(__xludf.DUMMYFUNCTION("""COMPUTED_VALUE"""),"blue ") -> blue | C36: =IFERROR(__xludf.DUMMYFUNCTION("""COMPUTED_VALUE"""),53880.0) -> 53880 | E36: =IFERROR(__xludf.DUMMYFUNCTION("""COMPUTED_VALUE"""),"Hybrid Rye") -> Hybrid Rye | F36: =IFERROR(__xludf.DUMMYFUNCTION("""COMPUTED_VALUE"""),"00141") -> 00141 | G36: =IFERROR(__xludf.DUMMYFUNCTION("""COMPUTED_VALUE"""),"HBT# 4553 WDH Trk # 63") -> HBT# 4553 WDH Trk # 63 | I36: =if(H36>=1,H36-1,"0")/100 -> 0 | J36: =(((100-((D36-N36)*L36))*(C36))/M36)/100 -> 962.14286 | K36: =J36*(1-I36) -> 962.14286 | L36: =sumif(Farms!$C$68:$C$104,E36,Farms!$D$68:$D$104) -> 0 | M36: 56 | N36: 13
A37: =IFERROR(__xludf.DUMMYFUNCTION("""COMPUTED_VALUE"""),45853.0) -> 45853 | B37: =IFERROR(__xludf.DUMMYFUNCTION("""COMPUTED_VALUE"""),"blue ") -> blue | C37: =IFERROR(__xludf.DUMMYFUNCTION("""COMPUTED_VALUE"""),56260.0) -> 56260 | E37: =IFERROR(__xludf.DUMMYFUNCTION("""COMPUTED_VALUE"""),"Hybrid Rye") -> Hybrid Rye | F37: =IFERROR(__xludf.DUMMYFUNCTION("""COMPUTED_VALUE"""),"00143") -> 00143 | G37: =IFERROR(__xludf.DUMMYFUNCTION("""COMPUTED_VALUE"""),"HBT# 3118 Gary Trk # 5") -> HBT# 3118 Gary Trk # 5 | I37: =if(H37>=1,H37-1,"0")/100 -> 0 | J37: =(((100-((D37-N37)*L37))*(C37))/M37)/100 -> 1004.6429 | K37: =J37*(1-I37) -> 1004.6429 | L37: =sumif(Farms!$C$68:$C$104,E37,Farms!$D$68:$D$104) -> 0 | M37: =sumif(Farms!$C$68:$C$104,E37,Farms!$F$68:$F$104) -> 56 | N37: 13
A38: =IFERROR(__xludf.DUMMYFUNCTION("""COMPUTED_VALUE"""),45853.0) -> 45853 | B38: =IFERROR(__xludf.DUMMYFUNCTION("""COMPUTED_VALUE"""),"blue ") -> blue | C38: =IFERROR(__xludf.DUMMYFUNCTION("""COMPUTED_VALUE"""),55540.0) -> 55540 | E38: =IFERROR(__xludf.DUMMYFUNCTION("""COMPUTED_VALUE"""),"Hybrid Rye") -> Hybrid Rye | F38: =IFERROR(__xludf.DUMMYFUNCTION("""COMPUTED_VALUE"""),"00144") -> 00144 | G38: =IFERROR(__xludf.DUMMYFUNCTION("""COMPUTED_VALUE"""),"HBT# 5072 Bob Trk # 3") -> HBT# 5072 Bob Trk # 3 | I38: =if(H38>=1,H38-1,"0")/100 -> 0 | J38: =(((100-((D38-N38)*L38))*(C38))/M38)/100 -> 991.78571 | K38: =J38*(1-I38) -> 991.78571 | L38: =sumif(Farms!$C$68:$C$104,E38,Farms!$D$68:$D$104) -> 0 | M38: 56 | N38: 13
A39: =IFERROR(__xludf.DUMMYFUNCTION("""COMPUTED_VALUE"""),45853.0) -> 45853 | B39: =IFERROR(__xludf.DUMMYFUNCTION("""COMPUTED_VALUE"""),"blue ") -> blue | C39: =IFERROR(__xludf.DUMMYFUNCTION("""COMPUTED_VALUE"""),55620.0) -> 55620 | E39: =IFERROR(__xludf.DUMMYFUNCTION("""COMPUTED_VALUE"""),"Hybrid Rye") -> Hybrid Rye | F39: =IFERROR(__xludf.DUMMYFUNCTION("""COMPUTED_VALUE"""),"00145") -> 00145 | G39: =IFERROR(__xludf.DUMMYFUNCTION("""COMPUTED_VALUE"""),"HBT# 5508 Tanner Trk # 2") -> HBT# 5508 Tanner Trk # 2 | I39: =if(H39>=1,H39-1,"0")/100 -> 0 | J39: =(((100-((D39-N39)*L39))*(C39))/M39)/100 -> 993.21429 | K39: =J39*(1-I39) -> 993.21429 | L39: =sumif(Farms!$C$68:$C$104,E39,Farms!$D$68:$D$104) -> 0 | M39: =sumif(Farms!$C$68:$C$104,E39,Farms!$F$68:$F$104) -> 56 | N39: =sumif(Farms!$C$68:$C$104,E39,Farms!$G$68:$G$104) -> 13
A40: =IFERROR(__xludf.DUMMYFUNCTION("""COMPUTED_VALUE"""),45854.0) -> 45854 | B40: =IFERROR(__xludf.DUMMYFUNCTION("""COMPUTED_VALUE"""),"blue ") -> blue | C40: =IFERROR(__xludf.DUMMYFUNCTION("""COMPUTED_VALUE"""),55300.0) -> 55300 | E40: =IFERROR(__xludf.DUMMYFUNCTION("""COMPUTED_VALUE"""),"Hybrid Rye") -> Hybrid Rye | F40: =IFERROR(__xludf.DUMMYFUNCTION("""COMPUTED_VALUE"""),"00146") -> 00146 | G40: =IFERROR(__xludf.DUMMYFUNCTION("""COMPUTED_VALUE"""),"HBT# 4380 Gary Trk # 4") -> HBT# 4380 Gary Trk # 4 | I40: =if(H40>=1,H40-1,"0")/100 -> 0 | J40: =(((100-((D40-N40)*L40))*(C40))/M40)/100 -> 987.5 | K40: =J40*(1-I40) -> 987.5 | L40: =sumif(Farms!$C$68:$C$104,E40,Farms!$D$68:$D$104) -> 0 | M40: =sumif(Farms!$C$68:$C$104,E40,Farms!$F$68:$F$104) -> 56 | N40: =sumif(Farms!$C$68:$C$104,E40,Farms!$G$68:$G$104) -> 13
A41: =IFERROR(__xludf.DUMMYFUNCTION("""COMPUTED_VALUE"""),45854.0) -> 45854 | B41: =IFERROR(__xludf.DUMMYFUNCTION("""COMPUTED_VALUE"""),"blue ") -> blue | C41: =IFERROR(__xludf.DUMMYFUNCTION("""COMPUTED_VALUE"""),54700.0) -> 54700 | E41: =IFERROR(__xludf.DUMMYFUNCTION("""COMPUTED_VALUE"""),"Hybrid Rye") -> Hybrid Rye | F41: =IFERROR(__xludf.DUMMYFUNCTION("""COMPUTED_VALUE"""),"00150") -> 00150 | G41: =IFERROR(__xludf.DUMMYFUNCTION("""COMPUTED_VALUE"""),"HBT# 5701 Bob Trk # 5") -> HBT# 5701 Bob Trk # 5 | I41: =if(H41>=1,H41-1,"0")/100 -> 0 | J41: =(((100-((D41-N41)*L41))*(C41))/M41)/100 -> 976.78571 | K41: =J41*(1-I41) -> 976.78571 | L41: =sumif(Farms!$C$68:$C$104,E41,Farms!$D$68:$D$104) -> 0 | M41: =sumif(Farms!$C$68:$C$104,E41,Farms!$F$68:$F$104) -> 56 | N41: =sumif(Farms!$C$68:$C$104,E41,Farms!$G$68:$G$104) -> 13
A42: =IFERROR(__xludf.DUMMYFUNCTION("""COMPUTED_VALUE"""),45855.0) -> 45855 | B42: =IFERROR(__xludf.DUMMYFUNCTION("""COMPUTED_VALUE"""),"blue ") -> blue | C42: =IFERROR(__xludf.DUMMYFUNCTION("""COMPUTED_VALUE"""),53220.0) -> 53220 | E42: =IFERROR(__xludf.DUMMYFUNCTION("""COMPUTED_VALUE"""),"Hybrid Rye") -> Hybrid Rye | F42: =IFERROR(__xludf.DUMMYFUNCTION("""COMPUTED_VALUE"""),"00152") -> 00152 | G42: =IFERROR(__xludf.DUMMYFUNCTION("""COMPUTED_VALUE"""),"HBT# 4554 Bob Trk# 5") -> HBT# 4554 Bob Trk# 5 | I42: =if(H42>=1,H42-1,"0")/100 -> 0 | J42: =(((100-((D42-N42)*L42))*(C42))/M42)/100 -> 950.35714 | K42: =J42*(1-I42) -> 950.35714 | L42: 0 | M42: 56 | N42: =sumif(Farms!$C$68:$C$104,E42,Farms!$G$68:$G$104) -> 13
A43: =IFERROR(__xludf.DUMMYFUNCTION("""COMPUTED_VALUE"""),45855.0) -> 45855 | B43: =IFERROR(__xludf.DUMMYFUNCTION("""COMPUTED_VALUE"""),"blue ") -> blue | C43: =IFERROR(__xludf.DUMMYFUNCTION("""COMPUTED_VALUE"""),54960.0) -> 54960 | E43: =IFERROR(__xludf.DUMMYFUNCTION("""COMPUTED_VALUE"""),"Hybrid Rye") -> Hybrid Rye | F43: =IFERROR(__xludf.DUMMYFUNCTION("""COMPUTED_VALUE"""),"00156") -> 00156 | G43: =IFERROR(__xludf.DUMMYFUNCTION("""COMPUTED_VALUE"""),"HBT# 5509 Tanner Trk# 2") -> HBT# 5509 Tanner Trk# 2 | I43: =if(H43>=1,H43-1,"0")/100 -> 0 | J43: =(((100-((D43-N43)*L43))*(C43))/M43)/100 -> 981.42857 | K43: =J43*(1-I43) -> 981.42857 | L43: 0 | M43: 56 | N43: =sumif(Farms!$C$68:$C$104,E43,Farms!$G$68:$G$104) -> 13
A44: =IFERROR(__xludf.DUMMYFUNCTION("""COMPUTED_VALUE"""),45855.0) -> 45855 | B44: =IFERROR(__xludf.DUMMYFUNCTION("""COMPUTED_VALUE"""),"blue ") -> blue | C44: =IFERROR(__xludf.DUMMYFUNCTION("""COMPUTED_VALUE"""),55720.0) -> 55720 | E44: =IFERROR(__xludf.DUMMYFUNCTION("""COMPUTED_VALUE"""),"Hybrid Rye") -> Hybrid Rye | F44: =IFERROR(__xludf.DUMMYFUNCTION("""COMPUTED_VALUE"""),"00158") -> 00158 | G44: =IFERROR(__xludf.DUMMYFUNCTION("""COMPUTED_VALUE"""),"HBT# 4381 Bob Trk# 4") -> HBT# 4381 Bob Trk# 4 | I44: =if(H44>=1,H44-1,"0")/100 -> 0 | J44: =(((100-((D44-N44)*L44))*(C44))/M44)/100 -> 995 | K44: =J44*(1-I44) -> 995 | L44: 0 | M44: 56 | N44: =sumif(Farms!$C$68:$C$104,E44,Farms!$G$68:$G$104) -> 13
A45: =IFERROR(__xludf.DUMMYFUNCTION("""COMPUTED_VALUE"""),45856.0) -> 45856 | B45: =IFERROR(__xludf.DUMMYFUNCTION("""COMPUTED_VALUE"""),"blue ") -> blue | C45: =IFERROR(__xludf.DUMMYFUNCTION("""COMPUTED_VALUE"""),55680.0) -> 55680 | E45: =IFERROR(__xludf.DUMMYFUNCTION("""COMPUTED_VALUE"""),"Hybrid Rye") -> Hybrid Rye | F45: =IFERROR(__xludf.DUMMYFUNCTION("""COMPUTED_VALUE"""),"00165") -> 00165 | G45: =IFERROR(__xludf.DUMMYFUNCTION("""COMPUTED_VALUE"""),"HBT# 3119 Bob Trk# 5 Last Load") -> HBT# 3119 Bob Trk# 5 Last Load | I45: =if(H45>=1,H45-1,"0")/100 -> 0 | J45: =(((100-((D45-N45)*L45))*(C45))/M45)/100 -> 928 | K45: =J45*(1-I45) -> 928 | L45: 0 | M45: 60 | N45: =sumif(Farms!$C$68:$C$104,E45,Farms!$G$68:$G$104) -> 13
A46: =IFERROR(__xludf.DUMMYFUNCTION("""COMPUTED_VALUE"""),45860.0) -> 45860 | B46: =IFERROR(__xludf.DUMMYFUNCTION("""COMPUTED_VALUE"""),"blue crop #2") -> blue crop #2 | C46: =IFERROR(__xludf.DUMMYFUNCTION("""COMPUTED_VALUE"""),20340.0) -> 20340 | D46: =IFERROR(__xludf.DUMMYFUNCTION("""COMPUTED_VALUE"""),13.3) -> 13.3 | E46: =IFERROR(__xludf.DUMMYFUNCTION("""COMPUTED_VALUE"""),"Rye ") -> Rye | F46: =IFERROR(__xludf.DUMMYFUNCTION("""COMPUTED_VALUE"""),"H066664") -> H066664 | G46: =IFERROR(__xludf.DUMMYFUNCTION("""COMPUTED_VALUE"""),"HBT# 1601 JB Trk Tandem - Clean out") -> HBT# 1601 JB Trk Tandem - Clean out | I46: =if(H46>=1,H46-1,"0")/100 -> 0 | J46: =(((100-((D46-N46)*L46))*(C46))/M46)/100 -> 339 | K46: =J46*(1-I46) -> 339 | L46: 0 | M46: 60 | N46: =sumif(Farms!$C$68:$C$104,E46,Farms!$G$68:$G$104) -> 13 | O46: r
A47: =IFERROR(__xludf.DUMMYFUNCTION("""COMPUTED_VALUE"""),45907.0) -> 45907 | B47: =IFERROR(__xludf.DUMMYFUNCTION("""COMPUTED_VALUE"""),"buchanon crop #1") -> buchanon crop #1 | C47: =IFERROR(__xludf.DUMMYFUNCTION("""COMPUTED_VALUE"""),99625.0) -> 99625 | E47: =IFERROR(__xludf.DUMMYFUNCTION("""COMPUTED_VALUE"""),"Lima Beans") -> Lima Beans | F47: =IFERROR(__xludf.DUMMYFUNCTION("""COMPUTED_VALUE"""),"531-041005 - 9,16") -> 531-041005 - 9,16 | G47: =IFERROR(__xludf.DUMMYFUNCTION("""COMPUTED_VALUE"""),"Seneca") -> Seneca | I47: =if(H47>=1,H47-1,"0")/100 -> 0 | J47: =(((100-((D47-N47)*L47))*(C47))/M47)/100 -> 49.8125 | K47: =J47*(1-I47) -> 49.8125 | L47: 0 | M47: 2000 | N47: 0
A48: =IFERROR(__xludf.DUMMYFUNCTION("""COMPUTED_VALUE"""),45930.0) -> 45930 | B48: =IFERROR(__xludf.DUMMYFUNCTION("""COMPUTED_VALUE"""),"buchanon crop #2") -> buchanon crop #2 | C48: =IFERROR(__xludf.DUMMYFUNCTION("""COMPUTED_VALUE"""),32432.0) -> 32432 | D48: =IFERROR(__xludf.DUMMYFUNCTION("""COMPUTED_VALUE"""),13.2) -> 13.2 | E48: =IFERROR(__xludf.DUMMYFUNCTION("""COMPUTED_VALUE"""),"Enlist Soybeans") -> Enlist Soybeans | F48: =IFERROR(__xludf.DUMMYFUNCTION("""COMPUTED_VALUE"""),"M038432") -> M038432 | G48: =IFERROR(__xludf.DUMMYFUNCTION("""COMPUTED_VALUE"""),"Split Load HBT#5091 Bob Trk# 3") -> Split Load HBT#5091 Bob Trk# 3 | H48: =IFERROR(__xludf.DUMMYFUNCTION("""COMPUTED_VALUE"""),0.23) -> 0.23 | I48: =if(H48>=1,H48-1,"0")/100 -> 0 | J48: =(((100-((D48-N48)*L48))*(C48))/M48)/100 -> 538.91173 | K48: =J48*(1-I48) -> 538.91173 | L48: 1.5 | M48: 60 | N48: =sumif(Farms!$C$68:$C$104,E48,Farms!$G$68:$G$104) -> 13 | O48: r
A49: =IFERROR(__xludf.DUMMYFUNCTION("""COMPUTED_VALUE"""),45918.0) -> 45918 | B49: =IFERROR(__xludf.DUMMYFUNCTION("""COMPUTED_VALUE"""),"carrol") -> carrol | C49: =IFERROR(__xludf.DUMMYFUNCTION("""COMPUTED_VALUE"""),50720.0) -> 50720 | E49: =IFERROR(__xludf.DUMMYFUNCTION("""COMPUTED_VALUE"""),"262 OR Seed beans") -> 262 OR Seed beans | F49: =IFERROR(__xludf.DUMMYFUNCTION("""COMPUTED_VALUE"""),"262") -> 262 | G49: =IFERROR(__xludf.DUMMYFUNCTION("""COMPUTED_VALUE"""),"GR01 Ken Trucked") -> GR01 Ken Trucked | I49: =if(H49>=1,H49-1,"0")/100 -> 0 | J49: =(((100-((D49-N49)*L49))*(C49))/M49)/100 -> 905.71429 | K49: =J49*(1-I49) -> 905.71429 | L49: 0 | M49: 56 | N49: =sumif(Farms!$C$68:$C$104,E49,Farms!$G$68:$G$104) -> 13
A50: =IFERROR(__xludf.DUMMYFUNCTION("""COMPUTED_VALUE"""),45918.0) -> 45918 | B50: =IFERROR(__xludf.DUMMYFUNCTION("""COMPUTED_VALUE"""),"carrol") -> carrol | C50: =IFERROR(__xludf.DUMMYFUNCTION("""COMPUTED_VALUE"""),29040.0) -> 29040 | E50: =IFERROR(__xludf.DUMMYFUNCTION("""COMPUTED_VALUE"""),"262 OR Seed beans") -> 262 OR Seed beans | F50: =IFERROR(__xludf.DUMMYFUNCTION("""COMPUTED_VALUE"""),"67963") -> 67963 | G50: =IFERROR(__xludf.DUMMYFUNCTION("""COMPUTED_VALUE"""),"Scoular") -> Scoular | I50: =if(H50>=1,H50-1,"0")/100 -> 0 | J50: =(((100-((D50-N50)*L50))*(C50))/M50)/100 -> 578.38 | K50: =J50*(1-I50) -> 578.38 | L50: =sumif(Farms!$C$68:$C$104,E50,Farms!$D$68:$D$104) -> 1.5 | M50: =sumif(Farms!$C$68:$C$104,E50,Farms!$F$68:$F$104) -> 60 | N50: =sumif(Farms!$C$68:$C$104,E50,Farms!$G$68:$G$104) -> 13
A51: =IFERROR(__xludf.DUMMYFUNCTION("""COMPUTED_VALUE"""),45918.0) -> 45918 | B51: =IFERROR(__xludf.DUMMYFUNCTION("""COMPUTED_VALUE"""),"carrol") -> carrol | C51: =IFERROR(__xludf.DUMMYFUNCTION("""COMPUTED_VALUE"""),52060.0) -> 52060 | E51: =IFERROR(__xludf.DUMMYFUNCTION("""COMPUTED_VALUE"""),"262 OR Seed beans") -> 262 OR Seed beans | F51: =IFERROR(__xludf.DUMMYFUNCTION("""COMPUTED_VALUE"""),"76806") -> 76806 | G51: =IFERROR(__xludf.DUMMYFUNCTION("""COMPUTED_VALUE"""),"Scoular") -> Scoular | I51: 0 | J51: =(((100-((D51-N51)*L51))*(C51))/M51)/100 -> 1036.8617 | K51: =J51*(1-I51) -> 1036.8617 | L51: =sumif(Farms!$C$68:$C$104,E51,Farms!$D$68:$D$104) -> 1.5 | M51: =sumif(Farms!$C$68:$C$104,E51,Farms!$F$68:$F$104) -> 60 | N51: =sumif(Farms!$C$68:$C$104,E51,Farms!$G$68:$G$104) -> 13
A52: =IFERROR(__xludf.DUMMYFUNCTION("""COMPUTED_VALUE"""),45918.0) -> 45918 | B52: =IFERROR(__xludf.DUMMYFUNCTION("""COMPUTED_VALUE"""),"carrol") -> carrol | C52: =IFERROR(__xludf.DUMMYFUNCTION("""COMPUTED_VALUE"""),56480.0) -> 56480 | E52: =IFERROR(__xludf.DUMMYFUNCTION("""COMPUTED_VALUE"""),"262 OR Seed beans") -> 262 OR Seed beans | F52: =IFERROR(__xludf.DUMMYFUNCTION("""COMPUTED_VALUE"""),"0263") -> 0263 | G52: =IFERROR(__xludf.DUMMYFUNCTION("""COMPUTED_VALUE"""),"HBT# 3132 WDH Trk # 5 ") -> HBT# 3132 WDH Trk # 5 | I52: =if(H52>=1,H52-1,"0")/100 -> 0 | J52: =(((100-((D52-N52)*L52))*(C52))/M52)/100 -> 1124.8933 | K52: =J52*(1-I52) -> 1124.8933 | L52: =sumif(Farms!$C$68:$C$104,E52,Farms!$D$68:$D$104) -> 1.5 | M52: =sumif(Farms!$C$68:$C$104,E52,Farms!$F$68:$F$104) -> 60 | N52: =sumif(Farms!$C$68:$C$104,E52,Farms!$G$68:$G$104) -> 13
A53: =IFERROR(__xludf.DUMMYFUNCTION("""COMPUTED_VALUE"""),45918.0) -> 45918 | B53: =IFERROR(__xludf.DUMMYFUNCTION("""COMPUTED_VALUE"""),"carrol") -> carrol | C53: =IFERROR(__xludf.DUMMYFUNCTION("""COMPUTED_VALUE"""),26240.0) -> 26240 | E53: =IFERROR(__xludf.DUMMYFUNCTION("""COMPUTED_VALUE"""),"262 OR Seed beans") -> 262 OR Seed beans | F53: =IFERROR(__xludf.DUMMYFUNCTION("""COMPUTED_VALUE"""),"0264") -> 0264 | G53: =IFERROR(__xludf.DUMMYFUNCTION("""COMPUTED_VALUE"""),"HBT# 5081 Bob Trk # 5") -> HBT# 5081 Bob Trk # 5 | I53: =if(H53>=1,H53-1,"0")/100 -> 0 | J53: =(((100-((D53-N53)*L53))*(C53))/M53)/100 -> 468.57143 | K53: =J53*(1-I53) -> 468.57143 | L53: 0 | M53: 56 | N53: =sumif(Farms!$C$68:$C$104,E53,Farms!$G$68:$G$104) -> 13
A54: =IFERROR(__xludf.DUMMYFUNCTION("""COMPUTED_VALUE"""),45923.0) -> 45923 | B54: =IFERROR(__xludf.DUMMYFUNCTION("""COMPUTED_VALUE"""),"carrol") -> carrol | C54: =IFERROR(__xludf.DUMMYFUNCTION("""COMPUTED_VALUE"""),57380.0) -> 57380 | D54: =IFERROR(__xludf.DUMMYFUNCTION("""COMPUTED_VALUE"""),13.0) -> 13 | E54: =IFERROR(__xludf.DUMMYFUNCTION("""COMPUTED_VALUE"""),"262 OR Seed beans") -> 262 OR Seed beans | F54: =IFERROR(__xludf.DUMMYFUNCTION("""COMPUTED_VALUE"""),"0281") -> 0281 | G54: =IFERROR(__xludf.DUMMYFUNCTION("""COMPUTED_VALUE"""),"HBT# 5083 Bob Trk# 3 ") -> HBT# 5083 Bob Trk# 3 | I54: 0 | J54: =(((100-((D54-N54)*L54))*(C54))/M54)/100 -> 1024.6429 | K54: =J54*(1-I54) -> 1024.6429 | L54: 1.5 | M54: 56 | N54: =sumif(Farms!$C$68:$C$104,E54,Farms!$G$68:$G$104) -> 13
A55: =IFERROR(__xludf.DUMMYFUNCTION("""COMPUTED_VALUE"""),45923.0) -> 45923 | B55: =IFERROR(__xludf.DUMMYFUNCTION("""COMPUTED_VALUE"""),"carrol") -> carrol | C55: =IFERROR(__xludf.DUMMYFUNCTION("""COMPUTED_VALUE"""),54340.0) -> 54340 | E55: =IFERROR(__xludf.DUMMYFUNCTION("""COMPUTED_VALUE"""),"262 OR Seed beans") -> 262 OR Seed beans | F55: =IFERROR(__xludf.DUMMYFUNCTION("""COMPUTED_VALUE"""),"0282") -> 0282 | G55: =IFERROR(__xludf.DUMMYFUNCTION("""COMPUTED_VALUE"""),"HBT#4567 5083 Bob Trk# 63") -> HBT#4567 5083 Bob Trk# 63 | I55: =if(H55>=1,H55-1,"0")/100 -> 0 | J55: =(((100-((D55-N55)*L55))*(C55))/M55)/100 -> 1159.5768 | K55: =J55*(1-I55) -> 1159.5768 | L55: 1.5 | M55: 56 | N55: =sumif(Farms!$C$68:$C$104,E55,Farms!$G$68:$G$104) -> 13
A56: =IFERROR(__xludf.DUMMYFUNCTION("""COMPUTED_VALUE"""),45923.0) -> 45923 | B56: =IFERROR(__xludf.DUMMYFUNCTION("""COMPUTED_VALUE"""),"carrol") -> carrol | C56: =IFERROR(__xludf.DUMMYFUNCTION("""COMPUTED_VALUE"""),55380.0) -> 55380 | E56: =IFERROR(__xludf.DUMMYFUNCTION("""COMPUTED_VALUE"""),"262 OR Seed beans") -> 262 OR Seed beans | F56: =IFERROR(__xludf.DUMMYFUNCTION("""COMPUTED_VALUE"""),"0287") -> 0287 | G56: =IFERROR(__xludf.DUMMYFUNCTION("""COMPUTED_VALUE"""),"HBT#3133 Bob Trk#5") -> HBT#3133 Bob Trk#5 | I56: =if(H56>=1,H56-1,"0")/100 -> 0 | J56: =(((100-((D56-N56)*L56))*(C56))/M56)/100 -> 988.92857 | K56: =J56*(1-I56) -> 988.92857 | L56: 0 | M56: 56 | N56: =sumif(Farms!$C$68:$C$104,E56,Farms!$G$68:$G$104) -> 13 | O56: r
A57: =IFERROR(__xludf.DUMMYFUNCTION("""COMPUTED_VALUE"""),45926.0) -> 45926 | B57: =IFERROR(__xludf.DUMMYFUNCTION("""COMPUTED_VALUE"""),"carrol") -> carrol | C57: =IFERROR(__xludf.DUMMYFUNCTION("""COMPUTED_VALUE"""),54220.0) -> 54220 | E57: =IFERROR(__xludf.DUMMYFUNCTION("""COMPUTED_VALUE"""),"262 OR Seed beans") -> 262 OR Seed beans | F57: =IFERROR(__xludf.DUMMYFUNCTION("""COMPUTED_VALUE"""),"0320") -> 0320 | G57: =IFERROR(__xludf.DUMMYFUNCTION("""COMPUTED_VALUE"""),"HBT#5084 Bob Trk# 5") -> HBT#5084 Bob Trk# 5 | I57: =if(H57>=1,H57-1,"0")/100 -> 0 | J57: =(((100-((D57-N57)*L57))*(C57))/M57)/100 -> 968.21429 | K57: =J57*(1-I57) -> 968.21429 | L57: 0 | M57: 56 | N57: =sumif(Farms!$C$68:$C$104,E57,Farms!$G$68:$G$104) -> 13
A58: =IFERROR(__xludf.DUMMYFUNCTION("""COMPUTED_VALUE"""),45936.0) -> 45936 | B58: =IFERROR(__xludf.DUMMYFUNCTION("""COMPUTED_VALUE"""),"carrol") -> carrol | C58: =IFERROR(__xludf.DUMMYFUNCTION("""COMPUTED_VALUE"""),50720.0) -> 50720 | D58: =IFERROR(__xludf.DUMMYFUNCTION("""COMPUTED_VALUE"""),13.5) -> 13.5 | E58: =IFERROR(__xludf.DUMMYFUNCTION("""COMPUTED_VALUE"""),"262 OR Seed beans") -> 262 OR Seed beans | F58: =IFERROR(__xludf.DUMMYFUNCTION("""COMPUTED_VALUE"""),"67962") -> 67962 | G58: =IFERROR(__xludf.DUMMYFUNCTION("""COMPUTED_VALUE"""),"HBt#3134 WR Trk# 41 Scoular") -> HBt#3134 WR Trk# 41 Scoular | H58: =IFERROR(__xludf.DUMMYFUNCTION("""COMPUTED_VALUE"""),0.4) -> 0.4 | I58: =if(H58>=1,H58-1,"0")/100 -> 0 | J58: =(((100-((D58-N58)*L58))*(C58))/M58)/100 -> 905.71429 | K58: =J58*(1-I58) -> 905.71429 | L58: 0 | M58: 56 | N58: =sumif(Farms!$C$68:$C$104,E58,Farms!$G$68:$G$104) -> 13
A59: =IFERROR(__xludf.DUMMYFUNCTION("""COMPUTED_VALUE"""),45939.0) -> 45939 | B59: =IFERROR(__xludf.DUMMYFUNCTION("""COMPUTED_VALUE"""),"carrol") -> carrol | C59: =IFERROR(__xludf.DUMMYFUNCTION("""COMPUTED_VALUE"""),29040.0) -> 29040 | D59: =IFERROR(__xludf.DUMMYFUNCTION("""COMPUTED_VALUE"""),13.7) -> 13.7 | E59: =IFERROR(__xludf.DUMMYFUNCTION("""COMPUTED_VALUE"""),"262 OR Seed beans") -> 262 OR Seed beans | F59: =IFERROR(__xludf.DUMMYFUNCTION("""COMPUTED_VALUE"""),"67963") -> 67963 | G59: =IFERROR(__xludf.DUMMYFUNCTION("""COMPUTED_VALUE"""),"HBT# 4569 WR Trk# Bernies Scoular") -> HBT# 4569 WR Trk# Bernies Scoular | H59: =IFERROR(__xludf.DUMMYFUNCTION("""COMPUTED_VALUE"""),0.5) -> 0.5 | I59: =if(H59>=1,H59-1,"0")/100 -> 0 | J59: =(((100-((D59-N59)*L59))*(C59))/M59)/100 -> 478.918 | K59: =J59*(1-I59) -> 478.918 | L59: =sumif(Farms!$C$68:$C$104,E59,Farms!$D$68:$D$104) -> 1.5 | M59: =sumif(Farms!$C$68:$C$104,E59,Farms!$F$68:$F$104) -> 60 | N59: =sumif(Farms!$C$68:$C$104,E59,Farms!$G$68:$G$104) -> 13
A60: =IFERROR(__xludf.DUMMYFUNCTION("""COMPUTED_VALUE"""),45926.0) -> 45926 | B60: =IFERROR(__xludf.DUMMYFUNCTION("""COMPUTED_VALUE"""),"Cuff ") -> Cuff | C60: =IFERROR(__xludf.DUMMYFUNCTION("""COMPUTED_VALUE"""),56560.0) -> 56560 | E60: =IFERROR(__xludf.DUMMYFUNCTION("""COMPUTED_VALUE"""),"262 OR Seed beans") -> 262 OR Seed beans | F60: =IFERROR(__xludf.DUMMYFUNCTION("""COMPUTED_VALUE"""),"00331") -> 00331 | G60: =IFERROR(__xludf.DUMMYFUNCTION("""COMPUTED_VALUE"""),"HBT# 5085 Bob Trk# 5 ") -> HBT# 5085 Bob Trk# 5 | I60: =if(H60>=1,H60-1,"0")/100 -> 0 | J60: =(((100-((D60-N60)*L60))*(C60))/M60)/100 -> 1154.7667 | K60: =J60*(1-I60) -> 1154.7667 | L60: =sumif(Farms!$C$68:$C$104,E60,Farms!$D$68:$D$104) -> 1.5 | M60: =sumif(Farms!$C$68:$C$104,E60,Farms!$F$68:$F$104) -> 60 | N60: 15
A61: =IFERROR(__xludf.DUMMYFUNCTION("""COMPUTED_VALUE"""),45927.0) -> 45927 | B61: =IFERROR(__xludf.DUMMYFUNCTION("""COMPUTED_VALUE"""),"Cuff ") -> Cuff | C61: =IFERROR(__xludf.DUMMYFUNCTION("""COMPUTED_VALUE"""),57400.0) -> 57400 | E61: =IFERROR(__xludf.DUMMYFUNCTION("""COMPUTED_VALUE"""),"262 OR Seed beans") -> 262 OR Seed beans | F61: =IFERROR(__xludf.DUMMYFUNCTION("""COMPUTED_VALUE"""),"00333") -> 00333 | G61: =IFERROR(__xludf.DUMMYFUNCTION("""COMPUTED_VALUE"""),"HBT# 5657 Bob Trk# 5 ") -> HBT# 5657 Bob Trk# 5 | I61: =if(H61>=1,H61-1,"0")/100 -> 0 | J61: =(((100-((D61-N61)*L61))*(C61))/M61)/100 -> 1143.2167 | K61: =J61*(1-I61) -> 1143.2167 | L61: =sumif(Farms!$C$68:$C$104,E61,Farms!$D$68:$D$104) -> 1.5 | M61: =sumif(Farms!$C$68:$C$104,E61,Farms!$F$68:$F$104) -> 60 | N61: =sumif(Farms!$C$68:$C$104,E61,Farms!$G$68:$G$104) -> 13 | O61: r
A62: =IFERROR(__xludf.DUMMYFUNCTION("""COMPUTED_VALUE"""),45927.0) -> 45927 | B62: =IFERROR(__xludf.DUMMYFUNCTION("""COMPUTED_VALUE"""),"Cuff ") -> Cuff | C62: =IFERROR(__xludf.DUMMYFUNCTION("""COMPUTED_VALUE"""),56300.0) -> 56300 | E62: =IFERROR(__xludf.DUMMYFUNCTION("""COMPUTED_VALUE"""),"262 OR Seed beans") -> 262 OR Seed beans | F62: =IFERROR(__xludf.DUMMYFUNCTION("""COMPUTED_VALUE"""),"00334") -> 00334 | G62: =IFERROR(__xludf.DUMMYFUNCTION("""COMPUTED_VALUE"""),"HBT# 5086 Bob Trk# 5 ") -> HBT# 5086 Bob Trk# 5 | I62: 0 | J62: =(((100-((D62-N62)*L62))*(C62))/M62)/100 -> 1121.3083 | K62: =J62*(1-I62) -> 1121.3083 | L62: =sumif(Farms!$C$68:$C$104,E62,Farms!$D$68:$D$104) -> 1.5 | M62: =sumif(Farms!$C$68:$C$104,E62,Farms!$F$68:$F$104) -> 60 | N62: =sumif(Farms!$C$68:$C$104,E62,Farms!$G$68:$G$104) -> 13
A63: =IFERROR(__xludf.DUMMYFUNCTION("""COMPUTED_VALUE"""),45927.0) -> 45927 | B63: =IFERROR(__xludf.DUMMYFUNCTION("""COMPUTED_VALUE"""),"Cuff ") -> Cuff | C63: =IFERROR(__xludf.DUMMYFUNCTION("""COMPUTED_VALUE"""),60160.0) -> 60160 | E63: =IFERROR(__xludf.DUMMYFUNCTION("""COMPUTED_VALUE"""),"262 OR Seed beans") -> 262 OR Seed beans | F63: =IFERROR(__xludf.DUMMYFUNCTION("""COMPUTED_VALUE"""),"00335") -> 00335 | G63: =IFERROR(__xludf.DUMMYFUNCTION("""COMPUTED_VALUE"""),"HBT# 5558 WD Trk# 41 ") -> HBT# 5558 WD Trk# 41 | I63: =if(H63>=1,H63-1,"0")/100 -> 0 | J63: =(((100-((D63-N63)*L63))*(C63))/M63)/100 -> 1198.1867 | K63: =J63*(1-I63) -> 1198.1867 | L63: =sumif(Farms!$C$68:$C$104,E63,Farms!$D$68:$D$104) -> 1.5 | M63: =sumif(Farms!$C$68:$C$104,E63,Farms!$F$68:$F$104) -> 60 | N63: =sumif(Farms!$C$68:$C$104,E63,Farms!$G$68:$G$104) -> 13
A64: =IFERROR(__xludf.DUMMYFUNCTION("""COMPUTED_VALUE"""),45927.0) -> 45927 | B64: =IFERROR(__xludf.DUMMYFUNCTION("""COMPUTED_VALUE"""),"Cuff ") -> Cuff | C64: =IFERROR(__xludf.DUMMYFUNCTION("""COMPUTED_VALUE"""),55960.0) -> 55960 | E64: =IFERROR(__xludf.DUMMYFUNCTION("""COMPUTED_VALUE"""),"262 OR Seed beans") -> 262 OR Seed beans | F64: =IFERROR(__xludf.DUMMYFUNCTION("""COMPUTED_VALUE"""),"00336") -> 00336 | G64: =IFERROR(__xludf.DUMMYFUNCTION("""COMPUTED_VALUE"""),"HBT# 50587 Bob Trk# 3") -> HBT# 50587 Bob Trk# 3 | I64: =if(H64>=1,H64-1,"0")/100 -> 0 | J64: =(((100-((D64-N64)*L64))*(C64))/M64)/100 -> 1114.5367 | K64: =J64*(1-I64) -> 1114.5367 | L64: =sumif(Farms!$C$68:$C$104,E64,Farms!$D$68:$D$104) -> 1.5 | M64: =sumif(Farms!$C$68:$C$104,E64,Farms!$F$68:$F$104) -> 60 | N64: =sumif(Farms!$C$68:$C$104,E64,Farms!$G$68:$G$104) -> 13
A65: =IFERROR(__xludf.DUMMYFUNCTION("""COMPUTED_VALUE"""),45927.0) -> 45927 | B65: =IFERROR(__xludf.DUMMYFUNCTION("""COMPUTED_VALUE"""),"Cuff ") -> Cuff | C65: =IFERROR(__xludf.DUMMYFUNCTION("""COMPUTED_VALUE"""),56480.0) -> 56480 | E65: =IFERROR(__xludf.DUMMYFUNCTION("""COMPUTED_VALUE"""),"262 OR Seed beans") -> 262 OR Seed beans | F65: =IFERROR(__xludf.DUMMYFUNCTION("""COMPUTED_VALUE"""),"00337") -> 00337 | G65: =IFERROR(__xludf.DUMMYFUNCTION("""COMPUTED_VALUE"""),"HBT# 4570 Bob Trk# 63") -> HBT# 4570 Bob Trk# 63 | I65: 0 | J65: =(((100-((D65-N65)*L65))*(C65))/M65)/100 -> 1124.8933 | K65: =J65*(1-I65) -> 1124.8933 | L65: =sumif(Farms!$C$68:$C$104,E65,Farms!$D$68:$D$104) -> 1.5 | M65: =sumif(Farms!$C$68:$C$104,E65,Farms!$F$68:$F$104) -> 60 | N65: =sumif(Farms!$C$68:$C$104,E65,Farms!$G$68:$G$104) -> 13
A66: =IFERROR(__xludf.DUMMYFUNCTION("""COMPUTED_VALUE"""),45927.0) -> 45927 | B66: =IFERROR(__xludf.DUMMYFUNCTION("""COMPUTED_VALUE"""),"Cuff ") -> Cuff | C66: =IFERROR(__xludf.DUMMYFUNCTION("""COMPUTED_VALUE"""),57820.0) -> 57820 | E66: =IFERROR(__xludf.DUMMYFUNCTION("""COMPUTED_VALUE"""),"262 OR Seed beans") -> 262 OR Seed beans | G66: =IFERROR(__xludf.DUMMYFUNCTION("""COMPUTED_VALUE"""),"GR01 Ken Trucked") -> GR01 Ken Trucked | I66: =if(H66>=1,H66-1,"0")/100 -> 0 | J66: =(((100-((D66-N66)*L66))*(C66))/M66)/100 -> 1151.5817 | K66: =J66*(1-I66) -> 1151.5817 | L66: 1.5 | M66: =sumif(Farms!$C$68:$C$104,E66,Farms!$F$68:$F$104) -> 60 | N66: =sumif(Farms!$C$68:$C$104,E66,Farms!$G$68:$G$104) -> 13
A67: =IFERROR(__xludf.DUMMYFUNCTION("""COMPUTED_VALUE"""),45927.0) -> 45927 | B67: =IFERROR(__xludf.DUMMYFUNCTION("""COMPUTED_VALUE"""),"Cuff ") -> Cuff | C67: =IFERROR(__xludf.DUMMYFUNCTION("""COMPUTED_VALUE"""),56080.0) -> 56080 | E67: =IFERROR(__xludf.DUMMYFUNCTION("""COMPUTED_VALUE"""),"262 OR Seed beans") -> 262 OR Seed beans | G67: =IFERROR(__xludf.DUMMYFUNCTION("""COMPUTED_VALUE"""),"GR01 Ken Trucked") -> GR01 Ken Trucked | I67: =if(H67>=1,H67-1,"0")/100 -> 0 | J67: =(((100-((D67-N67)*L67))*(C67))/M67)/100 -> 1116.9267 | K67: =J67*(1-I67) -> 1116.9267 | L67: 1.5 | M67: =sumif(Farms!$C$68:$C$104,E67,Farms!$F$68:$F$104) -> 60 | N67: =sumif(Farms!$C$68:$C$104,E67,Farms!$G$68:$G$104) -> 13
A68: =IFERROR(__xludf.DUMMYFUNCTION("""COMPUTED_VALUE"""),45927.0) -> 45927 | B68: =IFERROR(__xludf.DUMMYFUNCTION("""COMPUTED_VALUE"""),"Cuff ") -> Cuff | C68: =IFERROR(__xludf.DUMMYFUNCTION("""COMPUTED_VALUE"""),57000.0) -> 57000 | E68: =IFERROR(__xludf.DUMMYFUNCTION("""COMPUTED_VALUE"""),"262 OR Seed beans") -> 262 OR Seed beans | F68: =IFERROR(__xludf.DUMMYFUNCTION("""COMPUTED_VALUE"""),"00338") -> 00338 | G68: =IFERROR(__xludf.DUMMYFUNCTION("""COMPUTED_VALUE"""),"HBT# 5558 WD Trk# 41") -> HBT# 5558 WD Trk# 41 | I68: =if(H68>=1,H68-1,"0")/100 -> 0 | J68: =(((100-((D68-N68)*L68))*(C68))/M68)/100 -> 950 | K68: =J68*(1-I68) -> 950 | L68: 0 | M68: =sumif(Farms!$C$68:$C$104,E68,Farms!$F$68:$F$104) -> 60 | N68: =sumif(Farms!$C$68:$C$104,E68,Farms!$G$68:$G$104) -> 13
A69: =IFERROR(__xludf.DUMMYFUNCTION("""COMPUTED_VALUE"""),45937.0) -> 45937 | B69: =IFERROR(__xludf.DUMMYFUNCTION("""COMPUTED_VALUE"""),"Daun") -> Daun | C69: =IFERROR(__xludf.DUMMYFUNCTION("""COMPUTED_VALUE"""),58580.0) -> 58580 | D69: =IFERROR(__xludf.DUMMYFUNCTION("""COMPUTED_VALUE"""),16.0) -> 16 | E69: =IFERROR(__xludf.DUMMYFUNCTION("""COMPUTED_VALUE"""),"Non-GMO Yellow Corn") -> Non-GMO Yellow Corn | F69: =IFERROR(__xludf.DUMMYFUNCTION("""COMPUTED_VALUE"""),"0549093") -> 0549093 | G69: =IFERROR(__xludf.DUMMYFUNCTION("""COMPUTED_VALUE"""),"HBT#5543 TL Trk# 2") -> HBT#5543 TL Trk# 2 | H69: =IFERROR(__xludf.DUMMYFUNCTION("""COMPUTED_VALUE"""),0.0) -> 0 | I69: =if(H69>=1,H69-1,"0")/100 -> 0 | J69: =(((100-((D69-N69)*L69))*(C69))/M69)/100 -> 1030.3804 | K69: =J69*(1-I69) -> 1030.3804 | L69: =sumif(Farms!$C$68:$C$104,E69,Farms!$D$68:$D$104) -> 1.5 | M69: =sumif(Farms!$C$68:$C$104,E69,Farms!$F$68:$F$104) -> 56 | N69: 15
A70: =IFERROR(__xludf.DUMMYFUNCTION("""COMPUTED_VALUE"""),45937.0) -> 45937 | B70: =IFERROR(__xludf.DUMMYFUNCTION("""COMPUTED_VALUE"""),"Daun") -> Daun | C70: =IFERROR(__xludf.DUMMYFUNCTION("""COMPUTED_VALUE"""),54780.0) -> 54780 | D70: =IFERROR(__xludf.DUMMYFUNCTION("""COMPUTED_VALUE"""),15.3) -> 15.3 | E70: =IFERROR(__xludf.DUMMYFUNCTION("""COMPUTED_VALUE"""),"Non-GMO Yellow Corn") -> Non-GMO Yellow Corn | F70: =IFERROR(__xludf.DUMMYFUNCTION("""COMPUTED_VALUE"""),"2549100") -> 2549100 | G70: =IFERROR(__xludf.DUMMYFUNCTION("""COMPUTED_VALUE"""),"HBT#5763 WDH Trk# 4 Last Load") -> HBT#5763 WDH Trk# 4 Last Load | H70: =IFERROR(__xludf.DUMMYFUNCTION("""COMPUTED_VALUE"""),0.0) -> 0 | I70: =if(H70>=1,H70-1,"0")/100 -> 0 | J70: =(((100-((D70-N70)*L70))*(C70))/M70)/100 -> 973.81232 | K70: =J70*(1-I70) -> 973.81232 | L70: =sumif(Farms!$C$68:$C$104,E70,Farms!$D$68:$D$104) -> 1.5 | M70: =sumif(Farms!$C$68:$C$104,E70,Farms!$F$68:$F$104) -> 56 | N70: 15
A71: =IFERROR(__xludf.DUMMYFUNCTION("""COMPUTED_VALUE"""),45944.0) -> 45944 | B71: =IFERROR(__xludf.DUMMYFUNCTION("""COMPUTED_VALUE"""),"delong avon") -> delong avon | C71: =IFERROR(__xludf.DUMMYFUNCTION("""COMPUTED_VALUE"""),58380.0) -> 58380 | D71: =IFERROR(__xludf.DUMMYFUNCTION("""COMPUTED_VALUE"""),15.3) -> 15.3 | E71: =IFERROR(__xludf.DUMMYFUNCTION("""COMPUTED_VALUE"""),"Non-GMO Yellow Corn") -> Non-GMO Yellow Corn | F71: =IFERROR(__xludf.DUMMYFUNCTION("""COMPUTED_VALUE"""),"B0118826") -> B0118826 | G71: =IFERROR(__xludf.DUMMYFUNCTION("""COMPUTED_VALUE"""),"HBT#5364 Jack Trk # 63") -> HBT#5364 Jack Trk # 63 | I71: =if(H71>=1,H71-1,"0")/100 -> 0 | J71: =(((100-((D71-N71)*L71))*(C71))/M71)/100 -> 1037.8087 | K71: =J71*(1-I71) -> 1037.8087 | L71: =sumif(Farms!$C$68:$C$104,E71,Farms!$D$68:$D$104) -> 1.5 | M71: =sumif(Farms!$C$68:$C$104,E71,Farms!$F$68:$F$104) -> 56 | N71: 15
A72: =IFERROR(__xludf.DUMMYFUNCTION("""COMPUTED_VALUE"""),45944.0) -> 45944 | B72: =IFERROR(__xludf.DUMMYFUNCTION("""COMPUTED_VALUE"""),"delong avon") -> delong avon | C72: =IFERROR(__xludf.DUMMYFUNCTION("""COMPUTED_VALUE"""),56840.0) -> 56840 | D72: =IFERROR(__xludf.DUMMYFUNCTION("""COMPUTED_VALUE"""),15.0) -> 15 | E72: =IFERROR(__xludf.DUMMYFUNCTION("""COMPUTED_VALUE"""),"Non-GMO Yellow Corn") -> Non-GMO Yellow Corn | F72: =IFERROR(__xludf.DUMMYFUNCTION("""COMPUTED_VALUE"""),"B0118827") -> B0118827 | G72: =IFERROR(__xludf.DUMMYFUNCTION("""COMPUTED_VALUE"""),"HBT#5006 Bob Trk # 3") -> HBT#5006 Bob Trk # 3 | I72: =if(H72>=1,H72-1,"0")/100 -> 0 | J72: =(((100-((D72-N72)*L72))*(C72))/M72)/100 -> 1015 | K72: =J72*(1-I72) -> 1015 | L72: 1.5 | M72: 56 | N72: =sumif(Farms!$C$68:$C$104,E72,Farms!$G$68:$G$104) -> 15
A73: =IFERROR(__xludf.DUMMYFUNCTION("""COMPUTED_VALUE"""),45944.0) -> 45944 | B73: =IFERROR(__xludf.DUMMYFUNCTION("""COMPUTED_VALUE"""),"delong avon") -> delong avon | C73: =IFERROR(__xludf.DUMMYFUNCTION("""COMPUTED_VALUE"""),56860.0) -> 56860 | D73: =IFERROR(__xludf.DUMMYFUNCTION("""COMPUTED_VALUE"""),15.2) -> 15.2 | E73: =IFERROR(__xludf.DUMMYFUNCTION("""COMPUTED_VALUE"""),"Non-GMO Yellow Corn") -> Non-GMO Yellow Corn | F73: =IFERROR(__xludf.DUMMYFUNCTION("""COMPUTED_VALUE"""),"B0118829") -> B0118829 | G73: =IFERROR(__xludf.DUMMYFUNCTION("""COMPUTED_VALUE"""),"HBT#5789 BK Trk # 4") -> HBT#5789 BK Trk # 4 | I73: =if(H73>=1,H73-1,"0")/100 -> 0 | J73: =(((100-((D73-N73)*L73))*(C73))/M73)/100 -> 1012.3111 | K73: =J73*(1-I73) -> 1012.3111 | L73: 1.5 | M73: 56 | N73: =sumif(Farms!$C$68:$C$104,E73,Farms!$G$68:$G$104) -> 15
A74: =IFERROR(__xludf.DUMMYFUNCTION("""COMPUTED_VALUE"""),45944.0) -> 45944 | B74: =IFERROR(__xludf.DUMMYFUNCTION("""COMPUTED_VALUE"""),"delong avon") -> delong avon | C74: =IFERROR(__xludf.DUMMYFUNCTION("""COMPUTED_VALUE"""),55980.0) -> 55980 | D74: =IFERROR(__xludf.DUMMYFUNCTION("""COMPUTED_VALUE"""),14.9) -> 14.9 | E74: =IFERROR(__xludf.DUMMYFUNCTION("""COMPUTED_VALUE"""),"Non-GMO Yellow Corn") -> Non-GMO Yellow Corn | F74: =IFERROR(__xludf.DUMMYFUNCTION("""COMPUTED_VALUE"""),"B0118830") -> B0118830 | G74: =IFERROR(__xludf.DUMMYFUNCTION("""COMPUTED_VALUE"""),"HBT#5212 JB Trk # 5") -> HBT#5212 JB Trk # 5 | I74: =if(H74>=1,H74-1,"0")/100 -> 0 | J74: =(((100-((D74-N74)*L74))*(C74))/M74)/100 -> 1001.1423 | K74: =J74*(1-I74) -> 1001.1423 | L74: =sumif(Farms!$C$68:$C$104,E74,Farms!$D$68:$D$104) -> 1.5 | M74: 56 | N74: =sumif(Farms!$C$68:$C$104,E74,Farms!$G$68:$G$104) -> 15
A75: =IFERROR(__xludf.DUMMYFUNCTION("""COMPUTED_VALUE"""),45944.0) -> 45944 | B75: =IFERROR(__xludf.DUMMYFUNCTION("""COMPUTED_VALUE"""),"delong avon") -> delong avon | C75: =IFERROR(__xludf.DUMMYFUNCTION("""COMPUTED_VALUE"""),57200.0) -> 57200 | D75: =IFERROR(__xludf.DUMMYFUNCTION("""COMPUTED_VALUE"""),15.0) -> 15 | E75: =IFERROR(__xludf.DUMMYFUNCTION("""COMPUTED_VALUE"""),"Non-GMO Yellow Corn") -> Non-GMO Yellow Corn | F75: =IFERROR(__xludf.DUMMYFUNCTION("""COMPUTED_VALUE"""),"B0118836") -> B0118836 | G75: =IFERROR(__xludf.DUMMYFUNCTION("""COMPUTED_VALUE"""),"HBT#5007 Bob Trk # 3") -> HBT#5007 Bob Trk # 3 | I75: =if(H75>=1,H75-1,"0")/100 -> 0 | J75: =(((100-((D75-N75)*L75))*(C75))/M75)/100 -> 1021.4286 | K75: =J75*(1-I75) -> 1021.4286 | L75: 0 | M75: =sumif(Farms!$C$68:$C$104,E75,Farms!$F$68:$F$104) -> 56 | N75: =sumif(Farms!$C$68:$C$104,E75,Farms!$G$68:$G$104) -> 15
A76: =IFERROR(__xludf.DUMMYFUNCTION("""COMPUTED_VALUE"""),45944.0) -> 45944 | B76: =IFERROR(__xludf.DUMMYFUNCTION("""COMPUTED_VALUE"""),"delong avon") -> delong avon | C76: =IFERROR(__xludf.DUMMYFUNCTION("""COMPUTED_VALUE"""),57800.0) -> 57800 | D76: =IFERROR(__xludf.DUMMYFUNCTION("""COMPUTED_VALUE"""),15.3) -> 15.3 | E76: =IFERROR(__xludf.DUMMYFUNCTION("""COMPUTED_VALUE"""),"Non-GMO Yellow Corn") -> Non-GMO Yellow Corn | F76: =IFERROR(__xludf.DUMMYFUNCTION("""COMPUTED_VALUE"""),"B0118837") -> B0118837 | G76: =IFERROR(__xludf.DUMMYFUNCTION("""COMPUTED_VALUE"""),"HBT5365 Jack Trk # 63") -> HBT5365 Jack Trk # 63 | I76: =if(H76>=1,H76-1,"0")/100 -> 0 | J76: =(((100-((D76-N76)*L76))*(C76))/M76)/100 -> 1032.1429 | K76: =J76*(1-I76) -> 1032.1429 | L76: 0 | M76: =sumif(Farms!$C$68:$C$104,E76,Farms!$F$68:$F$104) -> 56 | N76: =sumif(Farms!$C$68:$C$104,E76,Farms!$G$68:$G$104) -> 15
A77: =IFERROR(__xludf.DUMMYFUNCTION("""COMPUTED_VALUE"""),45944.0) -> 45944 | B77: =IFERROR(__xludf.DUMMYFUNCTION("""COMPUTED_VALUE"""),"delong avon") -> delong avon | C77: =IFERROR(__xludf.DUMMYFUNCTION("""COMPUTED_VALUE"""),58380.0) -> 58380 | D77: =IFERROR(__xludf.DUMMYFUNCTION("""COMPUTED_VALUE"""),15.2) -> 15.2 | E77: =IFERROR(__xludf.DUMMYFUNCTION("""COMPUTED_VALUE"""),"Non-GMO Yellow Corn") -> Non-GMO Yellow Corn | F77: =IFERROR(__xludf.DUMMYFUNCTION("""COMPUTED_VALUE"""),"B0118843") -> B0118843 | G77: =IFERROR(__xludf.DUMMYFUNCTION("""COMPUTED_VALUE"""),"HBT#5790 BK Trk # 4") -> HBT#5790 BK Trk # 4 | I77: =if(H77>=1,H77-1,"0")/100 -> 0 | J77: =(((100-((D77-N77)*L77))*(C77))/M77)/100 -> 1039.3725 | K77: =J77*(1-I77) -> 1039.3725 | L77: 1.5 | M77: =sumif(Farms!$C$68:$C$104,E77,Farms!$F$68:$F$104) -> 56 | N77: =sumif(Farms!$C$68:$C$104,E77,Farms!$G$68:$G$104) -> 15
A78: =IFERROR(__xludf.DUMMYFUNCTION("""COMPUTED_VALUE"""),45944.0) -> 45944 | B78: =IFERROR(__xludf.DUMMYFUNCTION("""COMPUTED_VALUE"""),"delong avon") -> delong avon | C78: =IFERROR(__xludf.DUMMYFUNCTION("""COMPUTED_VALUE"""),57140.0) -> 57140 | D78: =IFERROR(__xludf.DUMMYFUNCTION("""COMPUTED_VALUE"""),15.4) -> 15.4 | E78: =IFERROR(__xludf.DUMMYFUNCTION("""COMPUTED_VALUE"""),"Non-GMO Yellow Corn") -> Non-GMO Yellow Corn | F78: =IFERROR(__xludf.DUMMYFUNCTION("""COMPUTED_VALUE"""),"B0118846") -> B0118846 | G78: =IFERROR(__xludf.DUMMYFUNCTION("""COMPUTED_VALUE"""),"HBT#5213 JB Trk #5") -> HBT#5213 JB Trk #5 | I78: =if(H78>=1,H78-1,"0")/100 -> 0 | J78: =(((100-((D78-N78)*L78))*(C78))/M78)/100 -> 1014.235 | K78: =J78*(1-I78) -> 1014.235 | L78: =sumif(Farms!$C$68:$C$104,E78,Farms!$D$68:$D$104) -> 1.5 | M78: =sumif(Farms!$C$68:$C$104,E78,Farms!$F$68:$F$104) -> 56 | N78: =sumif(Farms!$C$68:$C$104,E78,Farms!$G$68:$G$104) -> 15
A79: =IFERROR(__xludf.DUMMYFUNCTION("""COMPUTED_VALUE"""),45944.0) -> 45944 | B79: =IFERROR(__xludf.DUMMYFUNCTION("""COMPUTED_VALUE"""),"delong avon") -> delong avon | C79: =IFERROR(__xludf.DUMMYFUNCTION("""COMPUTED_VALUE"""),22680.0) -> 22680 | D79: =IFERROR(__xludf.DUMMYFUNCTION("""COMPUTED_VALUE"""),15.7) -> 15.7 | E79: =IFERROR(__xludf.DUMMYFUNCTION("""COMPUTED_VALUE"""),"Non-GMO Yellow Corn") -> Non-GMO Yellow Corn | F79: =IFERROR(__xludf.DUMMYFUNCTION("""COMPUTED_VALUE"""),"B0118847") -> B0118847 | G79: =IFERROR(__xludf.DUMMYFUNCTION("""COMPUTED_VALUE"""),"HBT5586 WR Trk # 41 Last Load") -> HBT5586 WR Trk # 41 Last Load | I79: =if(H79>=1,H79-1,"0")/100 -> 0 | J79: =(((100-((D79-N79)*L79))*(C79))/M79)/100 -> 400.7475 | K79: =J79*(1-I79) -> 400.7475 | L79: =sumif(Farms!$C$68:$C$104,E79,Farms!$D$68:$D$104) -> 1.5 | M79: =sumif(Farms!$C$68:$C$104,E79,Farms!$F$68:$F$104) -> 56 | N79: =sumif(Farms!$C$68:$C$104,E79,Farms!$G$68:$G$104) -> 15
A80: =IFERROR(__xludf.DUMMYFUNCTION("""COMPUTED_VALUE"""),45950.0) -> 45950 | B80: =IFERROR(__xludf.DUMMYFUNCTION("""COMPUTED_VALUE"""),"delong christopherson") -> delong christopherson | C80: =IFERROR(__xludf.DUMMYFUNCTION("""COMPUTED_VALUE"""),16870.0) -> 16870 | D80: =IFERROR(__xludf.DUMMYFUNCTION("""COMPUTED_VALUE"""),16.5) -> 16.5 | E80: =IFERROR(__xludf.DUMMYFUNCTION("""COMPUTED_VALUE"""),"Non-GMO Yellow Corn") -> Non-GMO Yellow Corn | F80: =IFERROR(__xludf.DUMMYFUNCTION("""COMPUTED_VALUE"""),255781.0) -> 255781 | G80: =IFERROR(__xludf.DUMMYFUNCTION("""COMPUTED_VALUE"""),"HBT# 5034 Bob Trk# 3 Split & Last Load") -> HBT# 5034 Bob Trk# 3 Split & Last Load | I80: =if(H80>=1,H80-1,"0")/100 -> 0 | J80: =(((100-((D80-N80)*L80))*(C80))/M80)/100 -> 294.47188 | K80: =J80*(1-I80) -> 294.47188 | L80: =sumif(Farms!$C$68:$C$104,E80,Farms!$D$68:$D$104) -> 1.5 | M80: =sumif(Farms!$C$68:$C$104,E80,Farms!$F$68:$F$104) -> 56 | N80: =sumif(Farms!$C$68:$C$104,E80,Farms!$G$68:$G$104) -> 15
A81: =IFERROR(__xludf.DUMMYFUNCTION("""COMPUTED_VALUE"""),45947.0) -> 45947 | B81: =IFERROR(__xludf.DUMMYFUNCTION("""COMPUTED_VALUE"""),"delong christopherson") -> delong christopherson | C81: =IFERROR(__xludf.DUMMYFUNCTION("""COMPUTED_VALUE"""),57220.0) -> 57220 | D81: =IFERROR(__xludf.DUMMYFUNCTION("""COMPUTED_VALUE"""),18.8) -> 18.8 | E81: =IFERROR(__xludf.DUMMYFUNCTION("""COMPUTED_VALUE"""),"Non-GMO Yellow Corn") -> Non-GMO Yellow Corn | F81: =IFERROR(__xludf.DUMMYFUNCTION("""COMPUTED_VALUE"""),"00255548") -> 00255548 | G81: =IFERROR(__xludf.DUMMYFUNCTION("""COMPUTED_VALUE"""),"HBT#5939 Mike Trk# 2 ") -> HBT#5939 Mike Trk# 2 | I81: =if(H81>=1,H81-1,"0")/100 -> 0 | J81: =(((100-((D81-N81)*L81))*(C81))/M81)/100 -> 963.54393 | K81: =J81*(1-I81) -> 963.54393 | L81: =sumif(Farms!$C$68:$C$104,E81,Farms!$D$68:$D$104) -> 1.5 | M81: =sumif(Farms!$C$68:$C$104,E81,Farms!$F$68:$F$104) -> 56 | N81: =sumif(Farms!$C$68:$C$104,E81,Farms!$G$68:$G$104) -> 15
A82: =IFERROR(__xludf.DUMMYFUNCTION("""COMPUTED_VALUE"""),45947.0) -> 45947 | B82: =IFERROR(__xludf.DUMMYFUNCTION("""COMPUTED_VALUE"""),"delong christopherson") -> delong christopherson | C82: =IFERROR(__xludf.DUMMYFUNCTION("""COMPUTED_VALUE"""),57340.0) -> 57340 | D82: =IFERROR(__xludf.DUMMYFUNCTION("""COMPUTED_VALUE"""),17.2) -> 17.2 | E82: =IFERROR(__xludf.DUMMYFUNCTION("""COMPUTED_VALUE"""),"Non-GMO Yellow Corn") -> Non-GMO Yellow Corn | F82: =IFERROR(__xludf.DUMMYFUNCTION("""COMPUTED_VALUE"""),"00255556") -> 00255556 | G82: =IFERROR(__xludf.DUMMYFUNCTION("""COMPUTED_VALUE"""),"HBT#5813 BK Trk# 4 ") -> HBT#5813 BK Trk# 4 | I82: =if(H82>=1,H82-1,"0")/100 -> 0 | J82: =(((100-((D82-N82)*L82))*(C82))/M82)/100 -> 990.13893 | K82: =J82*(1-I82) -> 990.13893 | L82: =sumif(Farms!$C$68:$C$104,E82,Farms!$D$68:$D$104) -> 1.5 | M82: =sumif(Farms!$C$68:$C$104,E82,Farms!$F$68:$F$104) -> 56 | N82: =sumif(Farms!$C$68:$C$104,E82,Farms!$G$68:$G$104) -> 15
A83: =IFERROR(__xludf.DUMMYFUNCTION("""COMPUTED_VALUE"""),45947.0) -> 45947 | B83: =IFERROR(__xludf.DUMMYFUNCTION("""COMPUTED_VALUE"""),"delong christopherson") -> delong christopherson | C83: =IFERROR(__xludf.DUMMYFUNCTION("""COMPUTED_VALUE"""),57100.0) -> 57100 | D83: =IFERROR(__xludf.DUMMYFUNCTION("""COMPUTED_VALUE"""),16.9) -> 16.9 | E83: =IFERROR(__xludf.DUMMYFUNCTION("""COMPUTED_VALUE"""),"Non-GMO Yellow Corn") -> Non-GMO Yellow Corn | F83: =IFERROR(__xludf.DUMMYFUNCTION("""COMPUTED_VALUE"""),"00255561") -> 00255561 | G83: =IFERROR(__xludf.DUMMYFUNCTION("""COMPUTED_VALUE"""),"HBT#5030 Bob Trk# 3 ") -> HBT#5030 Bob Trk# 3 | I83: =if(H83>=1,H83-1,"0")/100 -> 0 | J83: =(((100-((D83-N83)*L83))*(C83))/M83)/100 -> 990.58304 | K83: =J83*(1-I83) -> 990.58304 | L83: =sumif(Farms!$C$68:$C$104,E83,Farms!$D$68:$D$104) -> 1.5 | M83: =sumif(Farms!$C$68:$C$104,E83,Farms!$F$68:$F$104) -> 56 | N83: =sumif(Farms!$C$68:$C$104,E83,Farms!$G$68:$G$104) -> 15
A84: =IFERROR(__xludf.DUMMYFUNCTION("""COMPUTED_VALUE"""),45947.0) -> 45947 | B84: =IFERROR(__xludf.DUMMYFUNCTION("""COMPUTED_VALUE"""),"delong christopherson") -> delong christopherson | C84: =IFERROR(__xludf.DUMMYFUNCTION("""COMPUTED_VALUE"""),57080.0) -> 57080 | D84: =IFERROR(__xludf.DUMMYFUNCTION("""COMPUTED_VALUE"""),17.9) -> 17.9 | E84: =IFERROR(__xludf.DUMMYFUNCTION("""COMPUTED_VALUE"""),"Non-GMO Yellow Corn") -> Non-GMO Yellow Corn | F84: =IFERROR(__xludf.DUMMYFUNCTION("""COMPUTED_VALUE"""),"00255565") -> 00255565 | G84: =IFERROR(__xludf.DUMMYFUNCTION("""COMPUTED_VALUE"""),"HBT# 5940 Mike Trk# 2") -> HBT# 5940 Mike Trk# 2 | I84: =if(H84>=1,H84-1,"0")/100 -> 0 | J84: =(((100-((D84-N84)*L84))*(C84))/M84)/100 -> 974.94679 | K84: =J84*(1-I84) -> 974.94679 | L84: =sumif(Farms!$C$68:$C$104,E84,Farms!$D$68:$D$104) -> 1.5 | M84: =sumif(Farms!$C$68:$C$104,E84,Farms!$F$68:$F$104) -> 56 | N84: =sumif(Farms!$C$68:$C$104,E84,Farms!$G$68:$G$104) -> 15
A85: =IFERROR(__xludf.DUMMYFUNCTION("""COMPUTED_VALUE"""),45947.0) -> 45947 | B85: =IFERROR(__xludf.DUMMYFUNCTION("""COMPUTED_VALUE"""),"delong christopherson") -> delong christopherson | C85: =IFERROR(__xludf.DUMMYFUNCTION("""COMPUTED_VALUE"""),57540.0) -> 57540 | D85: =IFERROR(__xludf.DUMMYFUNCTION("""COMPUTED_VALUE"""),17.4) -> 17.4 | E85: =IFERROR(__xludf.DUMMYFUNCTION("""COMPUTED_VALUE"""),"Non-GMO Yellow Corn") -> Non-GMO Yellow Corn | F85: =IFERROR(__xludf.DUMMYFUNCTION("""COMPUTED_VALUE"""),"00255571") -> 00255571 | G85: =IFERROR(__xludf.DUMMYFUNCTION("""COMPUTED_VALUE"""),"HBT# 5224 Jack Trk# 5") -> HBT# 5224 Jack Trk# 5 | I85: =if(H85>=1,H85-1,"0")/100 -> 0 | J85: =(((100-((D85-N85)*L85))*(C85))/M85)/100 -> 990.51 | K85: =J85*(1-I85) -> 990.51 | L85: =sumif(Farms!$C$68:$C$104,E85,Farms!$D$68:$D$104) -> 1.5 | M85: =sumif(Farms!$C$68:$C$104,E85,Farms!$F$68:$F$104) -> 56 | N85: =sumif(Farms!$C$68:$C$104,E85,Farms!$G$68:$G$104) -> 15
A86: =IFERROR(__xludf.DUMMYFUNCTION("""COMPUTED_VALUE"""),45947.0) -> 45947 | B86: =IFERROR(__xludf.DUMMYFUNCTION("""COMPUTED_VALUE"""),"delong christopherson") -> delong christopherson | C86: =IFERROR(__xludf.DUMMYFUNCTION("""COMPUTED_VALUE"""),57040.0) -> 57040 | D86: =IFERROR(__xludf.DUMMYFUNCTION("""COMPUTED_VALUE"""),17.7) -> 17.7 | E86: =IFERROR(__xludf.DUMMYFUNCTION("""COMPUTED_VALUE"""),"Non-GMO Yellow Corn") -> Non-GMO Yellow Corn | F86: =IFERROR(__xludf.DUMMYFUNCTION("""COMPUTED_VALUE"""),"00255576") -> 00255576 | G86: =IFERROR(__xludf.DUMMYFUNCTION("""COMPUTED_VALUE"""),"HBT# 5814 BK Trk# 4") -> HBT# 5814 BK Trk# 4 | I86: =if(H86>=1,H86-1,"0")/100 -> 0 | J86: =(((100-((D86-N86)*L86))*(C86))/M86)/100 -> 977.31929 | K86: =J86*(1-I86) -> 977.31929 | L86: =sumif(Farms!$C$68:$C$104,E86,Farms!$D$68:$D$104) -> 1.5 | M86: =sumif(Farms!$C$68:$C$104,E86,Farms!$F$68:$F$104) -> 56 | N86: =sumif(Farms!$C$68:$C$104,E86,Farms!$G$68:$G$104) -> 15
A87: =IFERROR(__xludf.DUMMYFUNCTION("""COMPUTED_VALUE"""),45947.0) -> 45947 | B87: =IFERROR(__xludf.DUMMYFUNCTION("""COMPUTED_VALUE"""),"delong christopherson") -> delong christopherson | C87: =IFERROR(__xludf.DUMMYFUNCTION("""COMPUTED_VALUE"""),56380.0) -> 56380 | D87: =IFERROR(__xludf.DUMMYFUNCTION("""COMPUTED_VALUE"""),17.4) -> 17.4 | E87: =IFERROR(__xludf.DUMMYFUNCTION("""COMPUTED_VALUE"""),"Non-GMO Yellow Corn") -> Non-GMO Yellow Corn | F87: =IFERROR(__xludf.DUMMYFUNCTION("""COMPUTED_VALUE"""),"00255578") -> 00255578 | G87: =IFERROR(__xludf.DUMMYFUNCTION("""COMPUTED_VALUE"""),"HBT# 5031 Bob Trk# 3") -> HBT# 5031 Bob Trk# 3 | I87: =if(H87>=1,H87-1,"0")/100 -> 0 | J87: =(((100-((D87-N87)*L87))*(C87))/M87)/100 -> 970.54143 | K87: =J87*(1-I87) -> 970.54143 | L87: =sumif(Farms!$C$68:$C$104,E87,Farms!$D$68:$D$104) -> 1.5 | M87: =sumif(Farms!$C$68:$C$104,E87,Farms!$F$68:$F$104) -> 56 | N87: =sumif(Farms!$C$68:$C$104,E87,Farms!$G$68:$G$104) -> 15
A88: =IFERROR(__xludf.DUMMYFUNCTION("""COMPUTED_VALUE"""),45947.0) -> 45947 | B88: =IFERROR(__xludf.DUMMYFUNCTION("""COMPUTED_VALUE"""),"delong christopherson") -> delong christopherson | C88: =IFERROR(__xludf.DUMMYFUNCTION("""COMPUTED_VALUE"""),56340.0) -> 56340 | D88: =IFERROR(__xludf.DUMMYFUNCTION("""COMPUTED_VALUE"""),18.2) -> 18.2 | E88: =IFERROR(__xludf.DUMMYFUNCTION("""COMPUTED_VALUE"""),"Non-GMO Yellow Corn") -> Non-GMO Yellow Corn | F88: =IFERROR(__xludf.DUMMYFUNCTION("""COMPUTED_VALUE"""),"00255582") -> 00255582 | G88: =IFERROR(__xludf.DUMMYFUNCTION("""COMPUTED_VALUE"""),"HBT# 5941 Mike Trk# 2") -> HBT# 5941 Mike Trk# 2 | I88: =if(H88>=1,H88-1,"0")/100 -> 0 | J88: =(((100-((D88-N88)*L88))*(C88))/M88)/100 -> 957.78 | K88: =J88*(1-I88) -> 957.78 | L88: =sumif(Farms!$C$68:$C$104,E88,Farms!$D$68:$D$104) -> 1.5 | M88: =sumif(Farms!$C$68:$C$104,E88,Farms!$F$68:$F$104) -> 56 | N88: =sumif(Farms!$C$68:$C$104,E88,Farms!$G$68:$G$104) -> 15
A89: =IFERROR(__xludf.DUMMYFUNCTION("""COMPUTED_VALUE"""),45950.0) -> 45950 | B89: =IFERROR(__xludf.DUMMYFUNCTION("""COMPUTED_VALUE"""),"delong christopherson") -> delong christopherson | C89: =IFERROR(__xludf.DUMMYFUNCTION("""COMPUTED_VALUE"""),58540.0) -> 58540 | D89: =IFERROR(__xludf.DUMMYFUNCTION("""COMPUTED_VALUE"""),16.4) -> 16.4 | E89: =IFERROR(__xludf.DUMMYFUNCTION("""COMPUTED_VALUE"""),"Non-GMO Yellow Corn") -> Non-GMO Yellow Corn | F89: =IFERROR(__xludf.DUMMYFUNCTION("""COMPUTED_VALUE"""),"00255773") -> 00255773 | G89: =IFERROR(__xludf.DUMMYFUNCTION("""COMPUTED_VALUE"""),"HBT# 5385 Jack Trk# 63") -> HBT# 5385 Jack Trk# 63 | I89: =if(H89>=1,H89-1,"0")/100 -> 0 | J89: =(((100-((D89-N89)*L89))*(C89))/M89)/100 -> 1023.4046 | K89: =J89*(1-I89) -> 1023.4046 | L89: =sumif(Farms!$C$68:$C$104,E89,Farms!$D$68:$D$104) -> 1.5 | M89: 56 | N89: 15
A90: =IFERROR(__xludf.DUMMYFUNCTION("""COMPUTED_VALUE"""),45950.0) -> 45950 | B90: =IFERROR(__xludf.DUMMYFUNCTION("""COMPUTED_VALUE"""),"delong christopherson") -> delong christopherson | C90: =IFERROR(__xludf.DUMMYFUNCTION("""COMPUTED_VALUE"""),56260.0) -> 56260 | D90: =IFERROR(__xludf.DUMMYFUNCTION("""COMPUTED_VALUE"""),17.8) -> 17.8 | E90: =IFERROR(__xludf.DUMMYFUNCTION("""COMPUTED_VALUE"""),"Non-GMO Yellow Corn") -> Non-GMO Yellow Corn | F90: =IFERROR(__xludf.DUMMYFUNCTION("""COMPUTED_VALUE"""),"A072474") -> A072474 | G90: =IFERROR(__xludf.DUMMYFUNCTION("""COMPUTED_VALUE"""),"HBT# 5032 Bob Trk# 3") -> HBT# 5032 Bob Trk# 3 | I90: =if(H90>=1,H90-1,"0")/100 -> 0 | J90: =(((100-((D90-N90)*L90))*(C90))/M90)/100 -> 962.44786 | K90: =J90*(1-I90) -> 962.44786 | L90: =sumif(Farms!$C$68:$C$104,E90,Farms!$D$68:$D$104) -> 1.5 | M90: =sumif(Farms!$C$68:$C$104,E90,Farms!$F$68:$F$104) -> 56 | N90: =sumif(Farms!$C$68:$C$104,E90,Farms!$G$68:$G$104) -> 15
A91: =IFERROR(__xludf.DUMMYFUNCTION("""COMPUTED_VALUE"""),45950.0) -> 45950 | B91: =IFERROR(__xludf.DUMMYFUNCTION("""COMPUTED_VALUE"""),"delong christopherson") -> delong christopherson | C91: =IFERROR(__xludf.DUMMYFUNCTION("""COMPUTED_VALUE"""),57400.0) -> 57400 | D91: =IFERROR(__xludf.DUMMYFUNCTION("""COMPUTED_VALUE"""),17.9) -> 17.9 | E91: =IFERROR(__xludf.DUMMYFUNCTION("""COMPUTED_VALUE"""),"Non-GMO Yellow Corn") -> Non-GMO Yellow Corn | F91: =IFERROR(__xludf.DUMMYFUNCTION("""COMPUTED_VALUE"""),"A072475") -> A072475 | G91: =IFERROR(__xludf.DUMMYFUNCTION("""COMPUTED_VALUE"""),"HBT# 5815 BK Trk# 4") -> HBT# 5815 BK Trk# 4 | I91: =if(H91>=1,H91-1,"0")/100 -> 0 | J91: =(((100-((D91-N91)*L91))*(C91))/M91)/100 -> 980.4125 | K91: =J91*(1-I91) -> 980.4125 | L91: =sumif(Farms!$C$68:$C$104,E91,Farms!$D$68:$D$104) -> 1.5 | M91: =sumif(Farms!$C$68:$C$104,E91,Farms!$F$68:$F$104) -> 56 | N91: =sumif(Farms!$C$68:$C$104,E91,Farms!$G$68:$G$104) -> 15
A92: =IFERROR(__xludf.DUMMYFUNCTION("""COMPUTED_VALUE"""),45950.0) -> 45950 | B92: =IFERROR(__xludf.DUMMYFUNCTION("""COMPUTED_VALUE"""),"delong christopherson") -> delong christopherson | C92: =IFERROR(__xludf.DUMMYFUNCTION("""COMPUTED_VALUE"""),57480.0) -> 57480 | D92: =IFERROR(__xludf.DUMMYFUNCTION("""COMPUTED_VALUE"""),12.7) -> 12.7 | E92: =IFERROR(__xludf.DUMMYFUNCTION("""COMPUTED_VALUE"""),"Non-GMO Yellow Corn") -> Non-GMO Yellow Corn | F92: =IFERROR(__xludf.DUMMYFUNCTION("""COMPUTED_VALUE"""),"A072476") -> A072476 | G92: =IFERROR(__xludf.DUMMYFUNCTION("""COMPUTED_VALUE"""),"HBT# 5942 TL Trk# 2") -> HBT# 5942 TL Trk# 2 | I92: =if(H92>=1,H92-1,"0")/100 -> 0 | J92: =(((100-((D92-N92)*L92))*(C92))/M92)/100 -> 1061.8404 | K92: =J92*(1-I92) -> 1061.8404 | L92: =sumif(Farms!$C$68:$C$104,E92,Farms!$D$68:$D$104) -> 1.5 | M92: =sumif(Farms!$C$68:$C$104,E92,Farms!$F$68:$F$104) -> 56 | N92: =sumif(Farms!$C$68:$C$104,E92,Farms!$G$68:$G$104) -> 15
A93: =IFERROR(__xludf.DUMMYFUNCTION("""COMPUTED_VALUE"""),45950.0) -> 45950 | B93: =IFERROR(__xludf.DUMMYFUNCTION("""COMPUTED_VALUE"""),"delong christopherson") -> delong christopherson | C93: =IFERROR(__xludf.DUMMYFUNCTION("""COMPUTED_VALUE"""),56840.0) -> 56840 | D93: =IFERROR(__xludf.DUMMYFUNCTION("""COMPUTED_VALUE"""),17.9) -> 17.9 | E93: =IFERROR(__xludf.DUMMYFUNCTION("""COMPUTED_VALUE"""),"Non-GMO Yellow Corn") -> Non-GMO Yellow Corn | F93: =IFERROR(__xludf.DUMMYFUNCTION("""COMPUTED_VALUE"""),"A072481") -> A072481 | G93: =IFERROR(__xludf.DUMMYFUNCTION("""COMPUTED_VALUE"""),"HBT# 5225 JB Trk# 5") -> HBT# 5225 JB Trk# 5 | I93: =if(H93>=1,H93-1,"0")/100 -> 0 | J93: =(((100-((D93-N93)*L93))*(C93))/M93)/100 -> 970.8475 | K93: =J93*(1-I93) -> 970.8475 | L93: =sumif(Farms!$C$68:$C$104,E93,Farms!$D$68:$D$104) -> 1.5 | M93: =sumif(Farms!$C$68:$C$104,E93,Farms!$F$68:$F$104) -> 56 | N93: =sumif(Farms!$C$68:$C$104,E93,Farms!$G$68:$G$104) -> 15
A94: =IFERROR(__xludf.DUMMYFUNCTION("""COMPUTED_VALUE"""),45947.0) -> 45947 | B94: =IFERROR(__xludf.DUMMYFUNCTION("""COMPUTED_VALUE"""),"delong christopherson") -> delong christopherson | C94: =IFERROR(__xludf.DUMMYFUNCTION("""COMPUTED_VALUE"""),57280.0) -> 57280 | D94: =IFERROR(__xludf.DUMMYFUNCTION("""COMPUTED_VALUE"""),15.7) -> 15.7 | E94: =IFERROR(__xludf.DUMMYFUNCTION("""COMPUTED_VALUE"""),"Non-GMO Yellow Corn") -> Non-GMO Yellow Corn | F94: =IFERROR(__xludf.DUMMYFUNCTION("""COMPUTED_VALUE"""),"B0119228") -> B0119228 | G94: =IFERROR(__xludf.DUMMYFUNCTION("""COMPUTED_VALUE"""),"HBT#5937 Mike Trk# 2 ") -> HBT#5937 Mike Trk# 2 | I94: =if(H94>=1,H94-1,"0")/100 -> 0 | J94: =(((100-((D94-N94)*L94))*(C94))/M94)/100 -> 1012.1171 | K94: =J94*(1-I94) -> 1012.1171 | L94: =sumif(Farms!$C$68:$C$104,E94,Farms!$D$68:$D$104) -> 1.5 | M94: =sumif(Farms!$C$68:$C$104,E94,Farms!$F$68:$F$104) -> 56 | N94: =sumif(Farms!$C$68:$C$104,E94,Farms!$G$68:$G$104) -> 15
A95: =IFERROR(__xludf.DUMMYFUNCTION("""COMPUTED_VALUE"""),45950.0) -> 45950 | B95: =IFERROR(__xludf.DUMMYFUNCTION("""COMPUTED_VALUE"""),"delong meyer") -> delong meyer | C95: =IFERROR(__xludf.DUMMYFUNCTION("""COMPUTED_VALUE"""),45610.0) -> 45610 | D95: =IFERROR(__xludf.DUMMYFUNCTION("""COMPUTED_VALUE"""),16.5) -> 16.5 | E95: =IFERROR(__xludf.DUMMYFUNCTION("""COMPUTED_VALUE"""),"Non-GMO Yellow Corn") -> Non-GMO Yellow Corn | F95: =IFERROR(__xludf.DUMMYFUNCTION("""COMPUTED_VALUE"""),"00255781") -> 00255781 | G95: =IFERROR(__xludf.DUMMYFUNCTION("""COMPUTED_VALUE"""),"HBT# 5033 Bob Trk# 3 Split Load") -> HBT# 5033 Bob Trk# 3 Split Load | I95: =if(H95>=1,H95-1,"0")/100 -> 0 | J95: =(((100-((D95-N95)*L95))*(C95))/M95)/100 -> 796.13884 | K95: =J95*(1-I95) -> 796.13884 | L95: =sumif(Farms!$C$68:$C$104,E95,Farms!$D$68:$D$104) -> 1.5 | M95: =sumif(Farms!$C$68:$C$104,E95,Farms!$F$68:$F$104) -> 56 | N95: =sumif(Farms!$C$68:$C$104,E95,Farms!$G$68:$G$104) -> 15
A96: =IFERROR(__xludf.DUMMYFUNCTION("""COMPUTED_VALUE"""),45950.0) -> 45950 | B96: =IFERROR(__xludf.DUMMYFUNCTION("""COMPUTED_VALUE"""),"delong meyer") -> delong meyer | C96: =IFERROR(__xludf.DUMMYFUNCTION("""COMPUTED_VALUE"""),57080.0) -> 57080 | D96: =IFERROR(__xludf.DUMMYFUNCTION("""COMPUTED_VALUE"""),17.7) -> 17.7 | E96: =IFERROR(__xludf.DUMMYFUNCTION("""COMPUTED_VALUE"""),"Non-GMO Yellow Corn") -> Non-GMO Yellow Corn | F96: =IFERROR(__xludf.DUMMYFUNCTION("""COMPUTED_VALUE"""),"A072491") -> A072491 | G96: =IFERROR(__xludf.DUMMYFUNCTION("""COMPUTED_VALUE"""),"HBT# 5386 Jack Trk# 63 ") -> HBT# 5386 Jack Trk# 63 | I96: =if(H96>=1,H96-1,"0")/100 -> 0 | J96: =(((100-((D96-N96)*L96))*(C96))/M96)/100 -> 978.00464 | K96: =J96*(1-I96) -> 978.00464 | L96: =sumif(Farms!$C$68:$C$104,E96,Farms!$D$68:$D$104) -> 1.5 | M96: =sumif(Farms!$C$68:$C$104,E96,Farms!$F$68:$F$104) -> 56 | N96: =sumif(Farms!$C$68:$C$104,E96,Farms!$G$68:$G$104) -> 15
A97: =IFERROR(__xludf.DUMMYFUNCTION("""COMPUTED_VALUE"""),45950.0) -> 45950 | B97: =IFERROR(__xludf.DUMMYFUNCTION("""COMPUTED_VALUE"""),"delong meyer") -> delong meyer | C97: =IFERROR(__xludf.DUMMYFUNCTION("""COMPUTED_VALUE"""),57540.0) -> 57540 | D97: =IFERROR(__xludf.DUMMYFUNCTION("""COMPUTED_VALUE"""),16.1) -> 16.1 | E97: =IFERROR(__xludf.DUMMYFUNCTION("""COMPUTED_VALUE"""),"Non-GMO Yellow Corn") -> Non-GMO Yellow Corn | F97: =IFERROR(__xludf.DUMMYFUNCTION("""COMPUTED_VALUE"""),"A072494") -> A072494 | G97: =IFERROR(__xludf.DUMMYFUNCTION("""COMPUTED_VALUE"""),"HBT# 5816 BK Trk# 4 1st Load") -> HBT# 5816 BK Trk# 4 1st Load | I97: =if(H97>=1,H97-1,"0")/100 -> 0 | J97: =(((100-((D97-N97)*L97))*(C97))/M97)/100 -> 1010.5462 | K97: =J97*(1-I97) -> 1010.5462 | L97: =sumif(Farms!$C$68:$C$104,E97,Farms!$D$68:$D$104) -> 1.5 | M97: =sumif(Farms!$C$68:$C$104,E97,Farms!$F$68:$F$104) -> 56 | N97: =sumif(Farms!$C$68:$C$104,E97,Farms!$G$68:$G$104) -> 15
A98: =IFERROR(__xludf.DUMMYFUNCTION("""COMPUTED_VALUE"""),45950.0) -> 45950 | B98: =IFERROR(__xludf.DUMMYFUNCTION("""COMPUTED_VALUE"""),"delong meyer") -> delong meyer | C98: =IFERROR(__xludf.DUMMYFUNCTION("""COMPUTED_VALUE"""),57640.0) -> 57640 | D98: =IFERROR(__xludf.DUMMYFUNCTION("""COMPUTED_VALUE"""),17.5) -> 17.5 | E98: =IFERROR(__xludf.DUMMYFUNCTION("""COMPUTED_VALUE"""),"Non-GMO Yellow Corn") -> Non-GMO Yellow Corn | F98: =IFERROR(__xludf.DUMMYFUNCTION("""COMPUTED_VALUE"""),"A072494") -> A072494 | G98: =IFERROR(__xludf.DUMMYFUNCTION("""COMPUTED_VALUE"""),"HBT#943 TL Trk# 2") -> HBT#943 TL Trk# 2 | I98: =if(H98>=1,H98-1,"0")/100 -> 0 | J98: =(((100-((D98-N98)*L98))*(C98))/M98)/100 -> 990.6875 | K98: =J98*(1-I98) -> 990.6875 | L98: =sumif(Farms!$C$68:$C$104,E98,Farms!$D$68:$D$104) -> 1.5 | M98: =sumif(Farms!$C$68:$C$104,E98,Farms!$F$68:$F$104) -> 56 | N98: =sumif(Farms!$C$68:$C$104,E98,Farms!$G$68:$G$104) -> 15
A99: =IFERROR(__xludf.DUMMYFUNCTION("""COMPUTED_VALUE"""),45950.0) -> 45950 | B99: =IFERROR(__xludf.DUMMYFUNCTION("""COMPUTED_VALUE"""),"delong meyer") -> delong meyer | C99: =IFERROR(__xludf.DUMMYFUNCTION("""COMPUTED_VALUE"""),58680.0) -> 58680 | D99: =IFERROR(__xludf.DUMMYFUNCTION("""COMPUTED_VALUE"""),17.1) -> 17.1 | E99: =IFERROR(__xludf.DUMMYFUNCTION("""COMPUTED_VALUE"""),"Non-GMO Yellow Corn") -> Non-GMO Yellow Corn | F99: =IFERROR(__xludf.DUMMYFUNCTION("""COMPUTED_VALUE"""),"A072497") -> A072497 | G99: =IFERROR(__xludf.DUMMYFUNCTION("""COMPUTED_VALUE"""),"HBT#5226 JB Trk# 5") -> HBT#5226 JB Trk# 5 | I99: =if(H99>=1,H99-1,"0")/100 -> 0 | J99: =(((100-((D99-N99)*L99))*(C99))/M99)/100 -> 1014.8496 | K99: =J99*(1-I99) -> 1014.8496 | L99: =sumif(Farms!$C$68:$C$104,E99,Farms!$D$68:$D$104) -> 1.5 | M99: =sumif(Farms!$C$68:$C$104,E99,Farms!$F$68:$F$104) -> 56 | N99: =sumif(Farms!$C$68:$C$104,E99,Farms!$G$68:$G$104) -> 15
A100: =IFERROR(__xludf.DUMMYFUNCTION("""COMPUTED_VALUE"""),45950.0) -> 45950 | B100: =IFERROR(__xludf.DUMMYFUNCTION("""COMPUTED_VALUE"""),"delong meyer") -> delong meyer | C100: =IFERROR(__xludf.DUMMYFUNCTION("""COMPUTED_VALUE"""),58840.0) -> 58840 | D100: =IFERROR(__xludf.DUMMYFUNCTION("""COMPUTED_VALUE"""),16.5) -> 16.5 | E100: =IFERROR(__xludf.DUMMYFUNCTION("""COMPUTED_VALUE"""),"Non-GMO Yellow Corn") -> Non-GMO Yellow Corn | F100: =IFERROR(__xludf.DUMMYFUNCTION("""COMPUTED_VALUE"""),"A072501") -> A072501 | G100: =IFERROR(__xludf.DUMMYFUNCTION("""COMPUTED_VALUE"""),"HBT#5818 BK Trk# 4") -> HBT#5818 BK Trk# 4 | I100: =if(H100>=1,H100-1,"0")/100 -> 0 | J100: =(((100-((D100-N100)*L100))*(C100))/M100)/100 -> 1027.0732 | K100: =J100*(1-I100) -> 1027.0732 | L100: =sumif(Farms!$C$68:$C$104,E100,Farms!$D$68:$D$104) -> 1.5 | M100: =sumif(Farms!$C$68:$C$104,E100,Farms!$F$68:$F$104) -> 56 | N100: =sumif(Farms!$C$68:$C$104,E100,Farms!$G$68:$G$104) -> 15
...

Sheet Data Lookup
B2: Ticket Data Lookup Form
D6: Date: | F6: 44468
D8: Farm: | F8: OMNI
D10: Net Weight:
D12: Moisture:
D14: Crop
D16: Ticket Number | F16: H053910
D18: Notes: | F18: =IFERROR(__xludf.DUMMYFUNCTION("IFERROR(FILTER(Data!G:G,Data!F:F=F16))"),"")

Sheet Data
A1: Date | B1: FARM | C1: NET WEIGHT | D1: MOISTURE | E1: CROP | F1: TICKET NO. | G1: NOTES | H1: FM
A2: 45860 | B2: Airport | C2: 55480 | D2: 12.9 | E2: Rye | F2: H066666 | G2: HBT# 5652 WR Trk# 41 | H2: 0.1
A3: 45860 | B3: Airport | C3: 42780 | D3: 13.5 | E3: Rye | F3: H066668 | G3: HBT# 3122 Bob Trk# 5 | H3: 0.2
A4: 45866 | B4: Airport | C4: 56480 | D4: 12.5 | E4: Rye | F4: H066671 | G4: HBT# 4558 Bob Trk# 63 | H4: 0.1
A5: 45866 | B5: Airport | C5: 54480 | D5: 11.9 | E5: Rye | F5: H066672 | G5: HBT# 5653 WR Trk# 41 | H5: 0.2
A6: 45866 | B6: Airport | C6: 57020 | D6: 12 | E6: Rye | F6: H066673 | G6: HBT# 3124 Bob Trk# 5 | H6: 0.19
A7: 45868 | B7: Airport | C7: 55540 | D7: 13 | E7: Rye | F7: H066675 | G7: HBT# 3125 Julianne Trk# 5 | H7: 0.1
A8: 45868 | B8: Airport | C8: 55440 | D8: 13.1 | E8: Rye | F8: H066676 | G8: HBT# 5515 WR Trk# 5 | H8: 0.2
A9: 45868 | B9: Airport | C9: 51340 | D9: 13.8 | E9: Rye | F9: H066677 | G9: HBT# 4559 Gary Trk#63 | H9: 0.1
A10: 45868 | B10: Airport | C10: 53960 | D10: 13.6 | E10: Rye | F10: H066679 | G10: HBT# 5654 Gary Trk# 41 | H10: 0.1
A11: 45873 | B11: Airport | C11: 59780 | D11: 13 | E11: Rye | F11: H066689 | G11: HBT# 3126 Julianne Trk# 5 | H11: 0.2
A12: 45873 | B12: Airport | C12: 48520 | D12: 12.3 | E12: Rye | F12: H066690 | G12: HBT# 4560 Bob Trk# 63 | H12: 0.1
A13: 45873 | B13: Airport | C13: 57760 | D13: 12.9 | E13: Rye | F13: H066691 | G13: HBT# 5516 Tanner Trk# 2 | H13: 0.2
... A24: 45877 | B24: Airport - Knilans | C24: 16980 | D24: 12.7 | E24: Rye | F24: H066705 | G24: HBT# 4565 Bob # 63 trailer 4 last load of Rye | H24: 0.2
A25: 45936 | B25: bakke | C25: 55980 | D25: 15.4 | E25: Non-GMO Yellow Corn | F25: 0548919 | G25: HBT# 5859 Bob Trk# 3
A26: 45936 | B26: bakke | C26: 54920 | D26: 15.8 | E26: Non-GMO Yellow Corn | F26: 0548922 | G26: HBT#5534 Tanner Trk# 2
A27: 45936 | B27: bakke | C27: 57040 | D27: 15.4 | E27: Non-GMO Yellow Corn | F27: 0548924 | G27: HBT#4575 Jack Trk# 63
A28: 45936 | B28: bakke | C28: 55040 | D28: 15.5 | E28: Non-GMO Yellow Corn | F28: 0548928 | G28: HBT#5754 WDH Trk# 4
A29: 45936 | B29: bakke | C29: 57620 | D29: 15.9 | E29: Non-GMO Yellow Corn | F29: 0548931 | G29: HBT#5201 JB Trk# 5
A30: 45936 | B30: bakke | C30: 55920 | D30: 15.7 | E30: Non-GMO Yellow Corn | F30: 0548932 | G30: HBT#5860 Bob Trk# 3 Last Load
A31: 45853 | B31: blue | C31: 56760 | E31: Hybrid Rye | F31: 00130 | G31: HBT#5070 Bob Trk # 3 1st load
A32: 45853 | B32: blue | C32: 58200 | E32: Hybrid Rye | F32: 00131 | G32: HBT# 5506 Bob Trk 2
A33: 45853 | B33: blue | C33: 56180 | E33: Hybrid Rye | F33: 00136 | G33: HBT#3117 Gary Trk 5
A34: 45853 | B34: blue | C34: 57240 | E34: Hybrid Rye | F34: 00137 | G34: HBT# 5071 Bob Trk # 3
A35: 45853 | B35: blue | C35: 56520 | E35: Hybrid Rye | F35: 00140 | G35: HBT# 5507 Tanner Trk # 2
A36: 45853 | B36: blue | C36: 53880 | E36: Hybrid Rye | F36: 00141 | G36: HBT# 4553 WDH Trk # 63
A37: 45853 | B37: blue | C37: 56260 | E37: Hybrid Rye | F37: 00143 | G37: HBT# 3118 Gary Trk # 5
A38: 45853 | B38: blue | C38: 55540 | E38: Hybrid Rye | F38: 00144 | G38: HBT# 5072 Bob Trk # 3
A39: 45853 | B39: blue | C39: 55620 | E39: Hybrid Rye | F39: 00145 | G39: HBT# 5508 Tanner Trk # 2
A40: 45854 | B40: blue | C40: 55300 | E40: Hybrid Rye | F40: 00146 | G40: HBT# 4380 Gary Trk # 4
A41: 45854 | B41: blue | C41: 54700 | E41: Hybrid Rye | F41: 00150 | G41: HBT# 5701 Bob Trk # 5
A42: 45855 | B42: blue | C42: 53220 | E42: Hybrid Rye | F42: 00152 | G42: HBT# 4554 Bob Trk# 5
... A45: 45856 | B45: blue | C45: 55680 | E45: Hybrid Rye | F45: 00165 | G45: HBT# 3119 Bob Trk# 5 Last Load
A46: 45860 | B46: blue crop #2 | C46: 20340 | D46: 13.3 | E46: Rye | F46: H066664 | G46: HBT# 1601 JB Trk Tandem - Clean out
A47: 45907 | B47: buchanon crop #1 | C47: 99625 | E47: Lima Beans | F47: 531-041005 - 9,16 | G47: Seneca
A48: 45930 | B48: buchanon crop #2 | C48: 32432 | D48: 13.2 | E48: Enlist Soybeans | F48: M038432 | G48: Split Load HBT#5091 Bob Trk# 3 | H48: 0.23
A49: 45918 | B49: carrol | C49: 50720 | E49: 262 OR Seed beans | F49: 262 | G49: GR01 Ken Trucked
A50: 45918 | B50: carrol | C50: 29040 | E50: 262 OR Seed beans | F50: 67963 | G50: Scoular
A51: 45918 | B51: carrol | C51: 52060 | E51: 262 OR Seed beans | F51: 76806 | G51: Scoular
A52: 45918 | B52: carrol | C52: 56480 | E52: 262 OR Seed beans | F52: 0263 | G52: HBT# 3132 WDH Trk # 5
A53: 45918 | B53: carrol | C53: 26240 | E53: 262 OR Seed beans | F53: 0264 | G53: HBT# 5081 Bob Trk # 5
A54: 45923 | B54: carrol | C54: 57380 | D54: 13 | E54: 262 OR Seed beans | F54: 0281 | G54: HBT# 5083 Bob Trk# 3
A55: 45923 | B55: carrol | C55: 54340 | E55: 262 OR Seed beans | F55: 0282 | G55: HBT#4567 5083 Bob Trk# 63
A56: 45923 | B56: carrol | C56: 55380 | E56: 262 OR Seed beans | F56: 0287 | G56: HBT#3133 Bob Trk#5
A57: 45926 | B57: carrol | C57: 54220 | E57: 262 OR Seed beans | F57: 0320 | G57: HBT#5084 Bob Trk# 5
A58: 45936 | B58: carrol | C58: 50720 | D58: 13.5 | E58: 262 OR Seed beans | F58: 67962 | G58: HBt#3134 WR Trk# 41 Scoular | H58: 0.4
A59: 45939 | B59: carrol | C59: 29040 | D59: 13.7 | E59: 262 OR Seed beans | F59: 67963 | G59: HBT# 4569 WR Trk# Bernies Scoular | H59: 0.5
A60: 45926 | B60: Cuff | C60: 56560 | E60: 262 OR Seed beans | F60: 00331 | G60: HBT# 5085 Bob Trk# 5
A61: 45927 | B61: Cuff | C61: 57400 | E61: 262 OR Seed beans | F61: 00333 | G61: HBT# 5657 Bob Trk# 5
A62: 45927 | B62: Cuff | C62: 56300 | E62: 262 OR Seed beans | F62: 00334 | G62: HBT# 5086 Bob Trk# 5
A63: 45927 | B63: Cuff | C63: 60160 | E63: 262 OR Seed beans | F63: 00335 | G63: HBT# 5558 WD Trk# 41
A64: 45927 | B64: Cuff | C64: 55960 | E64: 262 OR Seed beans | F64: 00336 | G64: HBT# 50587 Bob Trk# 3
A65: 45927 | B65: Cuff | C65: 56480 | E65: 262 OR Seed beans | F65: 00337 | G65: HBT# 4570 Bob Trk# 63
A66: 45927 | B66: Cuff | C66: 57820 | E66: 262 OR Seed beans | G66: GR01 Ken Trucked
A67: 45927 | B67: Cuff | C67: 56080 | E67: 262 OR Seed beans | G67: GR01 Ken Trucked
A68: 45927 | B68: Cuff | C68: 57000 | E68: 262 OR Seed beans | F68: 00338 | G68: HBT# 5558 WD Trk# 41
A69: 45937 | B69: Daun | C69: 58580 | D69: 16 | E69: Non-GMO Yellow Corn | F69: 0549093 | G69: HBT#5543 TL Trk# 2 | H69: 0
A70: 45937 | B70: Daun | C70: 54780 | D70: 15.3 | E70: Non-GMO Yellow Corn | F70: 2549100 | G70: HBT#5763 WDH Trk# 4 Last Load | H70: 0
A71: 45944 | B71: delong avon | C71: 58380 | D71: 15.3 | E71: Non-GMO Yellow Corn | F71: B0118826 | G71: HBT#5364 Jack Trk # 63
A72: 45944 | B72: delong avon | C72: 56840 | D72: 15 | E72: Non-GMO Yellow Corn | F72: B0118827 | G72: HBT#5006 Bob Trk # 3
A73: 45944 | B73: delong avon | C73: 56860 | D73: 15.2 | E73: Non-GMO Yellow Corn | F73: B0118829 | G73: HBT#5789 BK Trk # 4
A74: 45944 | B74: delong avon | C74: 55980 | D74: 14.9 | E74: Non-GMO Yellow Corn | F74: B0118830 | G74: HBT#5212 JB Trk # 5
A75: 45944 | B75: delong avon | C75: 57200 | D75: 15 | E75: Non-GMO Yellow Corn | F75: B0118836 | G75: HBT#5007 Bob Trk # 3
A76: 45944 | B76: delong avon | C76: 57800 | D76: 15.3 | E76: Non-GMO Yellow Corn | F76: B0118837 | G76: HBT5365 Jack Trk # 63
A77: 45944 | B77: delong avon | C77: 58380 | D77: 15.2 | E77: Non-GMO Yellow Corn | F77: B0118843 | G77: HBT#5790 BK Trk # 4
A78: 45944 | B78: delong avon | C78: 57140 | D78: 15.4 | E78: Non-GMO Yellow Corn | F78: B0118846 | G78: HBT#5213 JB Trk #5
A79: 45944 | B79: delong avon | C79: 22680 | D79: 15.7 | E79: Non-GMO Yellow Corn | F79: B0118847 | G79: HBT5586 WR Trk # 41 Last Load
A80: 45950 | B80: delong christopherson | C80: 16870 | D80: 16.5 | E80: Non-GMO Yellow Corn | F80: 255781 | G80: HBT# 5034 Bob Trk# 3 Split & Last Load
A81: 45947 | B81: delong christopherson | C81: 57220 | D81: 18.8 | E81: Non-GMO Yellow Corn | F81: 00255548 | G81: HBT#5939 Mike Trk# 2
A82: 45947 | B82: delong christopherson | C82: 57340 | D82: 17.2 | E82: Non-GMO Yellow Corn | F82: 00255556 | G82: HBT#5813 BK Trk# 4
A83: 45947 | B83: delong christopherson | C83: 57100 | D83: 16.9 | E83: Non-GMO Yellow Corn | F83: 00255561 | G83: HBT#5030 Bob Trk# 3
A84: 45947 | B84: delong christopherson | C84: 57080 | D84: 17.9 | E84: Non-GMO Yellow Corn | F84: 00255565 | G84: HBT# 5940 Mike Trk# 2
A85: 45947 | B85: delong christopherson | C85: 57540 | D85: 17.4 | E85: Non-GMO Yellow Corn | F85: 00255571 | G85: HBT# 5224 Jack Trk# 5
A86: 45947 | B86: delong christopherson | C86: 57040 | D86: 17.7 | E86: Non-GMO Yellow Corn | F86: 00255576 | G86: HBT# 5814 BK Trk# 4
A87: 45947 | B87: delong christopherson | C87: 56380 | D87: 17.4 | E87: Non-GMO Yellow Corn | F87: 00255578 | G87: HBT# 5031 Bob Trk# 3
A88: 45947 | B88: delong christopherson | C88: 56340 | D88: 18.2 | E88: Non-GMO Yellow Corn | F88: 00255582 | G88: HBT# 5941 Mike Trk# 2
A89: 45950 | B89: delong christopherson | C89: 58540 | D89: 16.4 | E89: Non-GMO Yellow Corn | F89: 00255773 | G89: HBT# 5385 Jack Trk# 63
A90: 45950 | B90: delong christopherson | C90: 56260 | D90: 17.8 | E90: Non-GMO Yellow Corn | F90: A072474 | G90: HBT# 5032 Bob Trk# 3
A91: 45950 | B91: delong christopherson | C91: 57400 | D91: 17.9 | E91: Non-GMO Yellow Corn | F91: A072475 | G91: HBT# 5815 BK Trk# 4
A92: 45950 | B92: delong christopherson | C92: 57480 | D92: 12.7 | E92: Non-GMO Yellow Corn | F92: A072476 | G92: HBT# 5942 TL Trk# 2
... A109: 45950 | B109: delong meyer | C109: 36760 | D109: 17.1 | E109: Non-GMO Yellow Corn | F109: A072529 | G109: HBT#5945 TL Trk#2 last Load
A110: 45907 | B110: elwoods | C110: 296480 | E110: Lima Beans | F110: 531-040638 | G110: Seneca
A111: 45930 | B111: fagan | C111: 41842 | D111: 10.2 | E111: Enlist Soybeans | F111: M038474 | G111: HBT# 5095 Bob Trk# 3 | H111: 0.28
A112: 45931 | B112: fox den | C112: 30280 | D112: 11.2 | E112: Enlist Soybeans | F112: M38542 | G112: HBT# 5857 Jack Trk# 3 | H112: 0.33
A113: 45860 | B113: fox kettle | C113: 54500 | E113: Hybrid Rye | F113: 171 | G113: HBT# 4556 Bob Trk# 63
A114: 45856 | B114: fox kettle | C114: 53100 | E114: Hybrid Rye | F114: 00166 | G114: HBT# 3120 Bob Trk# 5
A115: 45859 | B115: fox kettle | C115: 56260 | E115: Hybrid Rye | F115: 00168 | G115: HBT#4555 Bob Trk#5 | H115: 0
A116: 45860 | B116: fox kettle | C116: 55800 | E116: Hybrid Rye | F116: 00169 | G116: HBT#3121 Bob Trk#5 | H116: 0
A117: 45936 | B117: fox kettle little | C117: 55440 | D117: 15.5 | E117: Non-GMO Yellow Corn | F117: 0548951 | G117: HBT# 5861 Bob Trk# 3 | H117: 0
A118: 45936 | B118: fox kettle little | C118: 10674 | D118: 15.5 | E118: Non-GMO Yellow Corn | F118: 0548953 | G118: HBT# 2502 Juliannte Trk# 5 Split Load | H118: 0
A119: 45937 | B119: fox kettle little | C119: 35815 | D119: 16.2 | E119: Non-GMO Yellow Corn | F119: 0548957 | G119: HBT#4577 Jack Trk# 63 Split & Last Load | H119: 0
A120: 45931 | B120: fox lemans | C120: 29669 | D120: 9.7 | E120: Enlist Soybeans | F120: M038503 | G120: HBT# 5098 Tim Trk# 3 Split Load | H120: 0.27
A121: 45931 | B121: fox lemans | C121: 27520 | D121: 9.7 | E121: Enlist Soybeans | F121: M038525 | G121: HBT# 5099 Fox Lemans Trk# 3 | H121: 0.23
A122: 45947 | B122: Gessert | C122: 24440 | D122: 16.4 | E122: Non-GMO Yellow Corn | F122: 00255530 | G122: HBT#5938 Mike Trk# 2 Last Load
A123: 45947 | B123: Gessert | C123: 57780 | D123: 16.5 | E123: Non-GMO Yellow Corn | F123: 0549961 | G123: HBT#5933 Mike Trk# 2
A124: 45947 | B124: Gessert | C124: 57140 | D124: 16.4 | E124: Non-GMO Yellow Corn | F124: 218671 | G124: HBT#5029 Bobk Trk# 3
A125: 45947 | B125: Gessert | C125: 58520 | D125: 15.7 | E125: Non-GMO Yellow Corn | F125: 218675 | G125: HBT#5384 Jack Trk# 63
A126: 45947 | B126: Gessert | C126: 56400 | D126: 16.7 | E126: Non-GMO Yellow Corn | F126: 549936 | G126: HBT#5223 Bob Trk# 3
A127: 45947 | B127: Gessert | C127: 57760 | D127: 16.5 | E127: Non-GMO Yellow Corn | F127: 549942 | G127: HBT#5592 Jack Trk# 41
A128: 45947 | B128: Gessert | C128: 57620 | D128: 16.5 | E128: Non-GMO Yellow Corn | F128: 549950 | G128: HBT#5378 Jack Trk# 63
...
